[{"fields": {"model": "logentry", "app_label": "admin"}, "model": "contenttypes.contenttype", "pk": 1}, {"fields": {"model": "permission", "app_label": "auth"}, "model": "contenttypes.contenttype", "pk": 2}, {"fields": {"model": "group", "app_label": "auth"}, "model": "contenttypes.contenttype", "pk": 3}, {"fields": {"model": "contenttype", "app_label": "contenttypes"}, "model": "contenttypes.contenttype", "pk": 4}, {"fields": {"model": "session", "app_label": "sessions"}, "model": "contenttypes.contenttype", "pk": 5}, {"fields": {"model": "corsmodel", "app_label": "corsheaders"}, "model": "contenttypes.contenttype", "pk": 6}, {"fields": {"model": "bar", "app_label": "bars_core"}, "model": "contenttypes.contenttype", "pk": 7}, {"fields": {"model": "barsettings", "app_label": "bars_core"}, "model": "contenttypes.contenttype", "pk": 8}, {"fields": {"model": "loginattempt", "app_label": "bars_core"}, "model": "contenttypes.contenttype", "pk": 9}, {"fields": {"model": "user", "app_label": "bars_core"}, "model": "contenttypes.contenttype", "pk": 10}, {"fields": {"model": "role", "app_label": "bars_core"}, "model": "contenttypes.contenttype", "pk": 11}, {"fields": {"model": "account", "app_label": "bars_core"}, "model": "contenttypes.contenttype", "pk": 12}, {"fields": {"model": "stockitem", "app_label": "bars_items"}, "model": "contenttypes.contenttype", "pk": 13}, {"fields": {"model": "sellitem", "app_label": "bars_items"}, "model": "contenttypes.contenttype", "pk": 14}, {"fields": {"model": "itemdetails", "app_label": "bars_items"}, "model": "contenttypes.contenttype", "pk": 15}, {"fields": {"model": "buyitemprice", "app_label": "bars_items"}, "model": "contenttypes.contenttype", "pk": 16}, {"fields": {"model": "buyitem", "app_label": "bars_items"}, "model": "contenttypes.contenttype", "pk": 17}, {"fields": {"model": "transaction", "app_label": "bars_transactions"}, "model": "contenttypes.contenttype", "pk": 18}, {"fields": {"model": "transactiondata", "app_label": "bars_transactions"}, "model": "contenttypes.contenttype", "pk": 19}, {"fields": {"model": "itemoperation", "app_label": "bars_transactions"}, "model": "contenttypes.contenttype", "pk": 20}, {"fields": {"model": "accountoperation", "app_label": "bars_transactions"}, "model": "contenttypes.contenttype", "pk": 21}, {"fields": {"model": "news", "app_label": "bars_news"}, "model": "contenttypes.contenttype", "pk": 22}, {"fields": {"model": "bugreport", "app_label": "bars_bugtracker"}, "model": "contenttypes.contenttype", "pk": 23}, {"fields": {"model": "menu", "app_label": "bars_menus"}, "model": "contenttypes.contenttype", "pk": 24}, {"fields": {"model": "menusellitem", "app_label": "bars_menus"}, "model": "contenttypes.contenttype", "pk": 25}, {"fields": {"name": "Aviron J\u00f4ne"}, "model": "bars_core.bar", "pk": "avironjone"}, {"fields": {"name": "Foot Ro\u00fbje"}, "model": "bars_core.bar", "pk": "footrouje"}, {"fields": {"name": "Natation J\u00f4ne"}, "model": "bars_core.bar", "pk": "natationjone"}, {"fields": {"name": "Root"}, "model": "bars_core.bar", "pk": "root"}, {"fields": {"default_tax": 0.2, "transaction_cancel_threshold": 48.0, "next_scheduled_appro": null, "agios_threshold": 2.0, "last_modified": "2015-12-26T16:58:09.542Z", "agios_enabled": true, "money_warning_threshold": 15.0, "agios_factor": 0.05}, "model": "bars_core.barsettings", "pk": "avironjone"}, {"fields": {"default_tax": 0.2, "transaction_cancel_threshold": 48.0, "next_scheduled_appro": null, "agios_threshold": 2.0, "last_modified": "2015-12-26T16:58:27.394Z", "agios_enabled": true, "money_warning_threshold": 15.0, "agios_factor": 0.05}, "model": "bars_core.barsettings", "pk": "footrouje"}, {"fields": {"default_tax": 0.2, "transaction_cancel_threshold": 48.0, "next_scheduled_appro": null, "agios_threshold": 2.0, "last_modified": "2015-12-26T16:58:18.892Z", "agios_enabled": true, "money_warning_threshold": 15.0, "agios_factor": 0.05}, "model": "bars_core.barsettings", "pk": "natationjone"}, {"fields": {"default_tax": 0.2, "transaction_cancel_threshold": 48.0, "next_scheduled_appro": null, "agios_threshold": 2.0, "last_modified": "2015-12-26T16:57:53.273Z", "agios_enabled": true, "money_warning_threshold": 15.0, "agios_factor": 0.05}, "model": "bars_core.barsettings", "pk": "root"}, {"fields": {"username": "bar", "is_staff": false, "firstname": "Bar", "lastname": "", "pseudo": "", "is_active": false, "is_superuser": false, "last_modified": "2015-12-26T16:56:47.325Z", "last_login": null, "previous_login": "2015-12-26T16:56:47.325Z", "current_login": "2015-12-26T16:56:47.325Z", "password": "", "email": ""}, "model": "bars_core.user", "pk": 1}, {"fields": {"username": "admin", "is_staff": true, "firstname": "", "lastname": "", "pseudo": "", "is_active": true, "is_superuser": true, "last_modified": "2015-12-27T10:46:46.330Z", "last_login": null, "previous_login": "2015-12-26T16:57:20.454Z", "current_login": "2015-12-27T10:46:46.327Z", "password": "pbkdf2_sha256$20000$NCVAoMiWKH4B$G+60uP7UZNTkH4pJlWU6Al2BiVaOdW8Mg0WWgZszP9c=", "email": ""}, "model": "bars_core.user", "pk": 2}, {"fields": {"username": "tizot", "is_staff": false, "firstname": "Camille", "lastname": "Masset", "pseudo": "Tizot'", "is_active": true, "is_superuser": false, "last_modified": "2015-12-27T10:46:35.227Z", "last_login": null, "previous_login": "2015-12-27T10:46:03.241Z", "current_login": "2015-12-27T10:46:35.219Z", "password": "pbkdf2_sha256$20000$MVNjZgfC0TiX$5uezz1/ClOE1Too9/j8LgqQoqFDjR2yjPr6/iughz+c=", "email": "camille.masset@polytechnique.edu"}, "model": "bars_core.user", "pk": 3}, {"fields": {"username": "ntag", "is_staff": false, "firstname": "Basile", "lastname": "Bruneau", "pseudo": "NTag", "is_active": true, "is_superuser": false, "last_modified": "2015-12-27T10:47:20.575Z", "last_login": null, "previous_login": "2015-12-27T10:47:20.455Z", "current_login": "2015-12-27T10:47:20.455Z", "password": "pbkdf2_sha256$20000$DfDE0X3EpCWQ$jY8K7tALAmY6qRTSFpEeoyGk+i/Ka8m3SsfF0MEcLjs=", "email": "basile.bruneau@polytechnique.edu"}, "model": "bars_core.user", "pk": 4}, {"fields": {"username": "dum", "is_staff": false, "firstname": "Gr\u00e9goire", "lastname": "Dumas", "pseudo": "Dum'", "is_active": true, "is_superuser": false, "last_modified": "2015-12-27T10:48:02.712Z", "last_login": null, "previous_login": "2015-12-27T10:48:02.593Z", "current_login": "2015-12-27T10:48:02.593Z", "password": "pbkdf2_sha256$20000$OURwpqUGNwEg$LW2PIPbvSGEmkpW49ZFhFZyvoRKp2CNDMRIV4XSI73A=", "email": "gregoire.dumas@polytechnique.edu"}, "model": "bars_core.user", "pk": 5}, {"fields": {"username": "llg", "is_staff": false, "firstname": "Louis", "lastname": "Legrand", "pseudo": "LLG", "is_active": true, "is_superuser": false, "last_modified": "2015-12-27T10:48:26.501Z", "last_login": null, "previous_login": "2015-12-27T10:48:26.380Z", "current_login": "2015-12-27T10:48:26.380Z", "password": "pbkdf2_sha256$20000$uorWmGtCiMMq$fZxyo5HDdwMuSRkplNplkgPfUDurwIqPLIHcAZ45lDI=", "email": "louis.legrand@polytechnique.edu"}, "model": "bars_core.user", "pk": 6}, {"fields": {"username": "mitch", "is_staff": false, "firstname": "Antoine", "lastname": "Michon", "pseudo": "Mitch", "is_active": true, "is_superuser": false, "last_modified": "2015-12-27T10:48:57.579Z", "last_login": null, "previous_login": "2015-12-27T10:48:57.457Z", "current_login": "2015-12-27T10:48:57.457Z", "password": "pbkdf2_sha256$20000$Y6L9v4ArVe5W$va3Pa//qBPQXZNmzSqfBw0cLlR3XOpFt4r7Vc9MzAFU=", "email": "antoine.michon@polytechnique.edu"}, "model": "bars_core.user", "pk": 7}, {"fields": {"username": "nadri", "is_staff": false, "firstname": "Guillaume", "lastname": "Boisseau", "pseudo": "Nadrieril", "is_active": true, "is_superuser": false, "last_modified": "2015-12-27T10:49:36.727Z", "last_login": null, "previous_login": "2015-12-27T10:49:36.616Z", "current_login": "2015-12-27T10:49:36.616Z", "password": "pbkdf2_sha256$20000$KQn4LLAbLVsU$Iu9VBFOKYRM/Mws/on8PxwtJjLeU+xoAXeMla9s/rxs=", "email": "guillaume.boisseau@polytechnique.edu"}, "model": "bars_core.user", "pk": 8}, {"fields": {"username": "crc", "is_staff": false, "firstname": "Charles", "lastname": "Roques-Carmes", "pseudo": "Carlito", "is_active": true, "is_superuser": false, "last_modified": "2015-12-27T10:51:59.439Z", "last_login": null, "previous_login": "2015-12-27T10:51:59.321Z", "current_login": "2015-12-27T10:51:59.321Z", "password": "pbkdf2_sha256$20000$lf5TpGY0eVK8$cAduJfwUlVAhIlYy1NbqMvPkMx8BePg9xchF05niI2E=", "email": "charles.roques-carmes@polytechnique.edu"}, "model": "bars_core.user", "pk": 9}, {"fields": {"last_modified": "2015-12-27T10:46:03.492Z", "bar": "avironjone", "name": "customer", "user": 3}, "model": "bars_core.role", "pk": 1}, {"fields": {"last_modified": "2015-12-27T10:46:03.722Z", "bar": "avironjone", "name": "customer", "user": 1}, "model": "bars_core.role", "pk": 2}, {"fields": {"last_modified": "2015-12-27T10:47:20.703Z", "bar": "avironjone", "name": "customer", "user": 4}, "model": "bars_core.role", "pk": 3}, {"fields": {"last_modified": "2015-12-27T10:48:02.909Z", "bar": "avironjone", "name": "customer", "user": 5}, "model": "bars_core.role", "pk": 4}, {"fields": {"last_modified": "2015-12-27T10:48:26.624Z", "bar": "avironjone", "name": "customer", "user": 6}, "model": "bars_core.role", "pk": 5}, {"fields": {"last_modified": "2015-12-27T10:48:57.713Z", "bar": "avironjone", "name": "customer", "user": 7}, "model": "bars_core.role", "pk": 6}, {"fields": {"last_modified": "2015-12-27T10:49:36.835Z", "bar": "natationjone", "name": "customer", "user": 8}, "model": "bars_core.role", "pk": 7}, {"fields": {"last_modified": "2015-12-27T10:49:37.018Z", "bar": "natationjone", "name": "customer", "user": 1}, "model": "bars_core.role", "pk": 8}, {"fields": {"last_modified": "2015-12-27T10:49:53.098Z", "bar": "natationjone", "name": "customer", "user": 4}, "model": "bars_core.role", "pk": 9}, {"fields": {"last_modified": "2015-12-27T10:50:05.445Z", "bar": "avironjone", "name": "admin", "user": 3}, "model": "bars_core.role", "pk": 10}, {"fields": {"last_modified": "2015-12-27T10:50:05.460Z", "bar": "root", "name": "staff", "user": 3}, "model": "bars_core.role", "pk": 11}, {"fields": {"last_modified": "2015-12-27T10:50:11.130Z", "bar": "avironjone", "name": "admin", "user": 4}, "model": "bars_core.role", "pk": 12}, {"fields": {"last_modified": "2015-12-27T10:50:11.130Z", "bar": "root", "name": "staff", "user": 4}, "model": "bars_core.role", "pk": 13}, {"fields": {"last_modified": "2015-12-27T10:50:16.418Z", "bar": "avironjone", "name": "admin", "user": 5}, "model": "bars_core.role", "pk": 14}, {"fields": {"last_modified": "2015-12-27T10:50:16.429Z", "bar": "root", "name": "staff", "user": 5}, "model": "bars_core.role", "pk": 15}, {"fields": {"last_modified": "2015-12-27T10:50:21.632Z", "bar": "root", "name": "staff", "user": 8}, "model": "bars_core.role", "pk": 16}, {"fields": {"last_modified": "2015-12-27T10:50:21.660Z", "bar": "natationjone", "name": "admin", "user": 8}, "model": "bars_core.role", "pk": 17}, {"fields": {"last_modified": "2015-12-27T10:51:59.580Z", "bar": "natationjone", "name": "customer", "user": 9}, "model": "bars_core.role", "pk": 18}, {"fields": {"bar": "avironjone", "deleted": false, "money": 100.0, "overdrawn_since": null, "last_modified": "2015-12-27T10:46:03.505Z", "owner": 3}, "model": "bars_core.account", "pk": 1}, {"fields": {"bar": "avironjone", "deleted": false, "money": 380.0, "overdrawn_since": null, "last_modified": "2015-12-27T10:46:03.730Z", "owner": 1}, "model": "bars_core.account", "pk": 2}, {"fields": {"bar": "avironjone", "deleted": false, "money": 50.0, "overdrawn_since": null, "last_modified": "2015-12-27T10:47:20.718Z", "owner": 4}, "model": "bars_core.account", "pk": 3}, {"fields": {"bar": "avironjone", "deleted": false, "money": 150.0, "overdrawn_since": null, "last_modified": "2015-12-27T10:48:02.921Z", "owner": 5}, "model": "bars_core.account", "pk": 4}, {"fields": {"bar": "avironjone", "deleted": false, "money": 40.0, "overdrawn_since": null, "last_modified": "2015-12-27T10:48:26.639Z", "owner": 6}, "model": "bars_core.account", "pk": 5}, {"fields": {"bar": "avironjone", "deleted": false, "money": 40.0, "overdrawn_since": null, "last_modified": "2015-12-27T10:48:57.729Z", "owner": 7}, "model": "bars_core.account", "pk": 6}, {"fields": {"bar": "natationjone", "deleted": false, "money": 50.0, "overdrawn_since": null, "last_modified": "2015-12-27T10:49:36.850Z", "owner": 8}, "model": "bars_core.account", "pk": 7}, {"fields": {"bar": "natationjone", "deleted": false, "money": 135.0, "overdrawn_since": null, "last_modified": "2015-12-27T10:49:37.035Z", "owner": 1}, "model": "bars_core.account", "pk": 8}, {"fields": {"bar": "natationjone", "deleted": false, "money": 25.0, "overdrawn_since": null, "last_modified": "2015-12-27T10:49:53.110Z", "owner": 4}, "model": "bars_core.account", "pk": 9}, {"fields": {"bar": "natationjone", "deleted": false, "money": 60.0, "overdrawn_since": null, "last_modified": "2015-12-27T10:51:59.598Z", "owner": 9}, "model": "bars_core.account", "pk": 10}, {"fields": {"bar": "avironjone", "author": 2, "timestamp": "2015-12-27T10:46:03.660Z", "moneyflow": 100.0, "canceled": false, "last_modified": "2015-12-27T10:46:03.758Z", "type": "deposit"}, "model": "bars_transactions.transaction", "pk": 1}, {"fields": {"bar": "avironjone", "author": 2, "timestamp": "2015-12-27T10:47:20.818Z", "moneyflow": 50.0, "canceled": false, "last_modified": "2015-12-27T10:47:20.889Z", "type": "deposit"}, "model": "bars_transactions.transaction", "pk": 2}, {"fields": {"bar": "avironjone", "author": 2, "timestamp": "2015-12-27T10:48:03.014Z", "moneyflow": 150.0, "canceled": false, "last_modified": "2015-12-27T10:48:03.075Z", "type": "deposit"}, "model": "bars_transactions.transaction", "pk": 3}, {"fields": {"bar": "avironjone", "author": 2, "timestamp": "2015-12-27T10:48:26.728Z", "moneyflow": 40.0, "canceled": false, "last_modified": "2015-12-27T10:48:26.780Z", "type": "deposit"}, "model": "bars_transactions.transaction", "pk": 4}, {"fields": {"bar": "avironjone", "author": 2, "timestamp": "2015-12-27T10:48:57.814Z", "moneyflow": 40.0, "canceled": false, "last_modified": "2015-12-27T10:48:57.900Z", "type": "deposit"}, "model": "bars_transactions.transaction", "pk": 5}, {"fields": {"bar": "natationjone", "author": 2, "timestamp": "2015-12-27T10:49:36.974Z", "moneyflow": 50.0, "canceled": false, "last_modified": "2015-12-27T10:49:37.089Z", "type": "deposit"}, "model": "bars_transactions.transaction", "pk": 6}, {"fields": {"bar": "natationjone", "author": 2, "timestamp": "2015-12-27T10:49:53.192Z", "moneyflow": 25.0, "canceled": false, "last_modified": "2015-12-27T10:49:53.244Z", "type": "deposit"}, "model": "bars_transactions.transaction", "pk": 7}, {"fields": {"bar": "natationjone", "author": 2, "timestamp": "2015-12-27T10:51:59.688Z", "moneyflow": 60.0, "canceled": false, "last_modified": "2015-12-27T10:51:59.750Z", "type": "deposit"}, "model": "bars_transactions.transaction", "pk": 8}, {"fields": {"transaction": 1, "target": 1, "prev_value": 0.0, "delta": 100.0, "next_value": 100.0, "fixed": false}, "model": "bars_transactions.accountoperation", "pk": 1}, {"fields": {"transaction": 1, "target": 2, "prev_value": 0.0, "delta": 100.0, "next_value": 100.0, "fixed": false}, "model": "bars_transactions.accountoperation", "pk": 2}, {"fields": {"transaction": 2, "target": 3, "prev_value": 0.0, "delta": 50.0, "next_value": 50.0, "fixed": false}, "model": "bars_transactions.accountoperation", "pk": 3}, {"fields": {"transaction": 2, "target": 2, "prev_value": 100.0, "delta": 50.0, "next_value": 150.0, "fixed": false}, "model": "bars_transactions.accountoperation", "pk": 4}, {"fields": {"transaction": 3, "target": 4, "prev_value": 0.0, "delta": 150.0, "next_value": 150.0, "fixed": false}, "model": "bars_transactions.accountoperation", "pk": 5}, {"fields": {"transaction": 3, "target": 2, "prev_value": 150.0, "delta": 150.0, "next_value": 300.0, "fixed": false}, "model": "bars_transactions.accountoperation", "pk": 6}, {"fields": {"transaction": 4, "target": 5, "prev_value": 0.0, "delta": 40.0, "next_value": 40.0, "fixed": false}, "model": "bars_transactions.accountoperation", "pk": 7}, {"fields": {"transaction": 4, "target": 2, "prev_value": 300.0, "delta": 40.0, "next_value": 340.0, "fixed": false}, "model": "bars_transactions.accountoperation", "pk": 8}, {"fields": {"transaction": 5, "target": 6, "prev_value": 0.0, "delta": 40.0, "next_value": 40.0, "fixed": false}, "model": "bars_transactions.accountoperation", "pk": 9}, {"fields": {"transaction": 5, "target": 2, "prev_value": 340.0, "delta": 40.0, "next_value": 380.0, "fixed": false}, "model": "bars_transactions.accountoperation", "pk": 10}, {"fields": {"transaction": 6, "target": 7, "prev_value": 0.0, "delta": 50.0, "next_value": 50.0, "fixed": false}, "model": "bars_transactions.accountoperation", "pk": 11}, {"fields": {"transaction": 6, "target": 8, "prev_value": 0.0, "delta": 50.0, "next_value": 50.0, "fixed": false}, "model": "bars_transactions.accountoperation", "pk": 12}, {"fields": {"transaction": 7, "target": 9, "prev_value": 0.0, "delta": 25.0, "next_value": 25.0, "fixed": false}, "model": "bars_transactions.accountoperation", "pk": 13}, {"fields": {"transaction": 7, "target": 8, "prev_value": 50.0, "delta": 25.0, "next_value": 75.0, "fixed": false}, "model": "bars_transactions.accountoperation", "pk": 14}, {"fields": {"transaction": 8, "target": 10, "prev_value": 0.0, "delta": 60.0, "next_value": 60.0, "fixed": false}, "model": "bars_transactions.accountoperation", "pk": 15}, {"fields": {"transaction": 8, "target": 8, "prev_value": 75.0, "delta": 60.0, "next_value": 135.0, "fixed": false}, "model": "bars_transactions.accountoperation", "pk": 16}, {"fields": {"timestamp": "2015-12-26T16:57:17.911Z", "sent_username": "admin", "user": 2, "success": true, "ip": "127.0.0.1"}, "model": "bars_core.loginattempt", "pk": 1}, {"fields": {"timestamp": "2015-12-26T16:57:20.481Z", "sent_username": "admin", "user": 2, "success": true, "ip": "127.0.0.1"}, "model": "bars_core.loginattempt", "pk": 2}, {"fields": {"timestamp": "2015-12-27T10:46:35.240Z", "sent_username": "tizot", "user": 3, "success": true, "ip": "127.0.0.1"}, "model": "bars_core.loginattempt", "pk": 3}, {"fields": {"timestamp": "2015-12-27T10:46:46.338Z", "sent_username": "admin", "user": 2, "success": true, "ip": "127.0.0.1"}, "model": "bars_core.loginattempt", "pk": 4}, {"fields": {"codename": "add_logentry", "name": "Can add log entry", "content_type": 1}, "model": "auth.permission", "pk": 1}, {"fields": {"codename": "change_logentry", "name": "Can change log entry", "content_type": 1}, "model": "auth.permission", "pk": 2}, {"fields": {"codename": "delete_logentry", "name": "Can delete log entry", "content_type": 1}, "model": "auth.permission", "pk": 3}, {"fields": {"codename": "add_permission", "name": "Can add permission", "content_type": 2}, "model": "auth.permission", "pk": 4}, {"fields": {"codename": "change_permission", "name": "Can change permission", "content_type": 2}, "model": "auth.permission", "pk": 5}, {"fields": {"codename": "delete_permission", "name": "Can delete permission", "content_type": 2}, "model": "auth.permission", "pk": 6}, {"fields": {"codename": "add_group", "name": "Can add group", "content_type": 3}, "model": "auth.permission", "pk": 7}, {"fields": {"codename": "change_group", "name": "Can change group", "content_type": 3}, "model": "auth.permission", "pk": 8}, {"fields": {"codename": "delete_group", "name": "Can delete group", "content_type": 3}, "model": "auth.permission", "pk": 9}, {"fields": {"codename": "add_contenttype", "name": "Can add content type", "content_type": 4}, "model": "auth.permission", "pk": 10}, {"fields": {"codename": "change_contenttype", "name": "Can change content type", "content_type": 4}, "model": "auth.permission", "pk": 11}, {"fields": {"codename": "delete_contenttype", "name": "Can delete content type", "content_type": 4}, "model": "auth.permission", "pk": 12}, {"fields": {"codename": "add_session", "name": "Can add session", "content_type": 5}, "model": "auth.permission", "pk": 13}, {"fields": {"codename": "change_session", "name": "Can change session", "content_type": 5}, "model": "auth.permission", "pk": 14}, {"fields": {"codename": "delete_session", "name": "Can delete session", "content_type": 5}, "model": "auth.permission", "pk": 15}, {"fields": {"codename": "add_corsmodel", "name": "Can add cors model", "content_type": 6}, "model": "auth.permission", "pk": 16}, {"fields": {"codename": "change_corsmodel", "name": "Can change cors model", "content_type": 6}, "model": "auth.permission", "pk": 17}, {"fields": {"codename": "delete_corsmodel", "name": "Can delete cors model", "content_type": 6}, "model": "auth.permission", "pk": 18}, {"fields": {"codename": "add_bar", "name": "Can add bar", "content_type": 7}, "model": "auth.permission", "pk": 19}, {"fields": {"codename": "change_bar", "name": "Can change bar", "content_type": 7}, "model": "auth.permission", "pk": 20}, {"fields": {"codename": "delete_bar", "name": "Can delete bar", "content_type": 7}, "model": "auth.permission", "pk": 21}, {"fields": {"codename": "add_barsettings", "name": "Can add bar settings", "content_type": 8}, "model": "auth.permission", "pk": 22}, {"fields": {"codename": "change_barsettings", "name": "Can change bar settings", "content_type": 8}, "model": "auth.permission", "pk": 23}, {"fields": {"codename": "delete_barsettings", "name": "Can delete bar settings", "content_type": 8}, "model": "auth.permission", "pk": 24}, {"fields": {"codename": "add_loginattempt", "name": "Can add login attempt", "content_type": 9}, "model": "auth.permission", "pk": 25}, {"fields": {"codename": "change_loginattempt", "name": "Can change login attempt", "content_type": 9}, "model": "auth.permission", "pk": 26}, {"fields": {"codename": "delete_loginattempt", "name": "Can delete login attempt", "content_type": 9}, "model": "auth.permission", "pk": 27}, {"fields": {"codename": "add_user", "name": "Can add user", "content_type": 10}, "model": "auth.permission", "pk": 28}, {"fields": {"codename": "change_user", "name": "Can change user", "content_type": 10}, "model": "auth.permission", "pk": 29}, {"fields": {"codename": "delete_user", "name": "Can delete user", "content_type": 10}, "model": "auth.permission", "pk": 30}, {"fields": {"codename": "add_role", "name": "Can add role", "content_type": 11}, "model": "auth.permission", "pk": 31}, {"fields": {"codename": "change_role", "name": "Can change role", "content_type": 11}, "model": "auth.permission", "pk": 32}, {"fields": {"codename": "delete_role", "name": "Can delete role", "content_type": 11}, "model": "auth.permission", "pk": 33}, {"fields": {"codename": "add_account", "name": "Can add account", "content_type": 12}, "model": "auth.permission", "pk": 34}, {"fields": {"codename": "change_account", "name": "Can change account", "content_type": 12}, "model": "auth.permission", "pk": 35}, {"fields": {"codename": "delete_account", "name": "Can delete account", "content_type": 12}, "model": "auth.permission", "pk": 36}, {"fields": {"codename": "add_stockitem", "name": "Can add stock item", "content_type": 13}, "model": "auth.permission", "pk": 37}, {"fields": {"codename": "change_stockitem", "name": "Can change stock item", "content_type": 13}, "model": "auth.permission", "pk": 38}, {"fields": {"codename": "delete_stockitem", "name": "Can delete stock item", "content_type": 13}, "model": "auth.permission", "pk": 39}, {"fields": {"codename": "add_sellitem", "name": "Can add sell item", "content_type": 14}, "model": "auth.permission", "pk": 40}, {"fields": {"codename": "change_sellitem", "name": "Can change sell item", "content_type": 14}, "model": "auth.permission", "pk": 41}, {"fields": {"codename": "delete_sellitem", "name": "Can delete sell item", "content_type": 14}, "model": "auth.permission", "pk": 42}, {"fields": {"codename": "add_itemdetails", "name": "Can add item details", "content_type": 15}, "model": "auth.permission", "pk": 43}, {"fields": {"codename": "change_itemdetails", "name": "Can change item details", "content_type": 15}, "model": "auth.permission", "pk": 44}, {"fields": {"codename": "delete_itemdetails", "name": "Can delete item details", "content_type": 15}, "model": "auth.permission", "pk": 45}, {"fields": {"codename": "add_buyitemprice", "name": "Can add buy item price", "content_type": 16}, "model": "auth.permission", "pk": 46}, {"fields": {"codename": "change_buyitemprice", "name": "Can change buy item price", "content_type": 16}, "model": "auth.permission", "pk": 47}, {"fields": {"codename": "delete_buyitemprice", "name": "Can delete buy item price", "content_type": 16}, "model": "auth.permission", "pk": 48}, {"fields": {"codename": "add_buyitem", "name": "Can add buy item", "content_type": 17}, "model": "auth.permission", "pk": 49}, {"fields": {"codename": "change_buyitem", "name": "Can change buy item", "content_type": 17}, "model": "auth.permission", "pk": 50}, {"fields": {"codename": "delete_buyitem", "name": "Can delete buy item", "content_type": 17}, "model": "auth.permission", "pk": 51}, {"fields": {"codename": "add_transaction", "name": "Can add transaction", "content_type": 18}, "model": "auth.permission", "pk": 52}, {"fields": {"codename": "change_transaction", "name": "Can change transaction", "content_type": 18}, "model": "auth.permission", "pk": 53}, {"fields": {"codename": "delete_transaction", "name": "Can delete transaction", "content_type": 18}, "model": "auth.permission", "pk": 54}, {"fields": {"codename": "add_transactiondata", "name": "Can add transaction data", "content_type": 19}, "model": "auth.permission", "pk": 55}, {"fields": {"codename": "change_transactiondata", "name": "Can change transaction data", "content_type": 19}, "model": "auth.permission", "pk": 56}, {"fields": {"codename": "delete_transactiondata", "name": "Can delete transaction data", "content_type": 19}, "model": "auth.permission", "pk": 57}, {"fields": {"codename": "add_itemoperation", "name": "Can add item operation", "content_type": 20}, "model": "auth.permission", "pk": 58}, {"fields": {"codename": "change_itemoperation", "name": "Can change item operation", "content_type": 20}, "model": "auth.permission", "pk": 59}, {"fields": {"codename": "delete_itemoperation", "name": "Can delete item operation", "content_type": 20}, "model": "auth.permission", "pk": 60}, {"fields": {"codename": "add_accountoperation", "name": "Can add account operation", "content_type": 21}, "model": "auth.permission", "pk": 61}, {"fields": {"codename": "change_accountoperation", "name": "Can change account operation", "content_type": 21}, "model": "auth.permission", "pk": 62}, {"fields": {"codename": "delete_accountoperation", "name": "Can delete account operation", "content_type": 21}, "model": "auth.permission", "pk": 63}, {"fields": {"codename": "add_news", "name": "Can add news", "content_type": 22}, "model": "auth.permission", "pk": 64}, {"fields": {"codename": "change_news", "name": "Can change news", "content_type": 22}, "model": "auth.permission", "pk": 65}, {"fields": {"codename": "delete_news", "name": "Can delete news", "content_type": 22}, "model": "auth.permission", "pk": 66}, {"fields": {"codename": "add_bugreport", "name": "Can add bug report", "content_type": 23}, "model": "auth.permission", "pk": 67}, {"fields": {"codename": "change_bugreport", "name": "Can change bug report", "content_type": 23}, "model": "auth.permission", "pk": 68}, {"fields": {"codename": "delete_bugreport", "name": "Can delete bug report", "content_type": 23}, "model": "auth.permission", "pk": 69}, {"fields": {"codename": "add_menu", "name": "Can add menu", "content_type": 24}, "model": "auth.permission", "pk": 70}, {"fields": {"codename": "change_menu", "name": "Can change menu", "content_type": 24}, "model": "auth.permission", "pk": 71}, {"fields": {"codename": "delete_menu", "name": "Can delete menu", "content_type": 24}, "model": "auth.permission", "pk": 72}, {"fields": {"codename": "add_menusellitem", "name": "Can add menu sell item", "content_type": 25}, "model": "auth.permission", "pk": 73}, {"fields": {"codename": "change_menusellitem", "name": "Can change menu sell item", "content_type": 25}, "model": "auth.permission", "pk": 74}, {"fields": {"codename": "delete_menusellitem", "name": "Can delete menu sell item", "content_type": 25}, "model": "auth.permission", "pk": 75}]