[{"fields": {"model": "logentry", "app_label": "admin"}, "model": "contenttypes.contenttype", "pk": 1}, {"fields": {"model": "permission", "app_label": "auth"}, "model": "contenttypes.contenttype", "pk": 2}, {"fields": {"model": "group", "app_label": "auth"}, "model": "contenttypes.contenttype", "pk": 3}, {"fields": {"model": "contenttype", "app_label": "contenttypes"}, "model": "contenttypes.contenttype", "pk": 4}, {"fields": {"model": "session", "app_label": "sessions"}, "model": "contenttypes.contenttype", "pk": 5}, {"fields": {"model": "corsmodel", "app_label": "corsheaders"}, "model": "contenttypes.contenttype", "pk": 6}, {"fields": {"model": "bar", "app_label": "bars_core"}, "model": "contenttypes.contenttype", "pk": 7}, {"fields": {"model": "barsettings", "app_label": "bars_core"}, "model": "contenttypes.contenttype", "pk": 8}, {"fields": {"model": "loginattempt", "app_label": "bars_core"}, "model": "contenttypes.contenttype", "pk": 9}, {"fields": {"model": "user", "app_label": "bars_core"}, "model": "contenttypes.contenttype", "pk": 10}, {"fields": {"model": "role", "app_label": "bars_core"}, "model": "contenttypes.contenttype", "pk": 11}, {"fields": {"model": "account", "app_label": "bars_core"}, "model": "contenttypes.contenttype", "pk": 12}, {"fields": {"model": "stockitem", "app_label": "bars_items"}, "model": "contenttypes.contenttype", "pk": 13}, {"fields": {"model": "sellitem", "app_label": "bars_items"}, "model": "contenttypes.contenttype", "pk": 14}, {"fields": {"model": "itemdetails", "app_label": "bars_items"}, "model": "contenttypes.contenttype", "pk": 15}, {"fields": {"model": "buyitemprice", "app_label": "bars_items"}, "model": "contenttypes.contenttype", "pk": 16}, {"fields": {"model": "buyitem", "app_label": "bars_items"}, "model": "contenttypes.contenttype", "pk": 17}, {"fields": {"model": "transaction", "app_label": "bars_transactions"}, "model": "contenttypes.contenttype", "pk": 18}, {"fields": {"model": "transactiondata", "app_label": "bars_transactions"}, "model": "contenttypes.contenttype", "pk": 19}, {"fields": {"model": "itemoperation", "app_label": "bars_transactions"}, "model": "contenttypes.contenttype", "pk": 20}, {"fields": {"model": "accountoperation", "app_label": "bars_transactions"}, "model": "contenttypes.contenttype", "pk": 21}, {"fields": {"model": "news", "app_label": "bars_news"}, "model": "contenttypes.contenttype", "pk": 22}, {"fields": {"model": "bugreport", "app_label": "bars_bugtracker"}, "model": "contenttypes.contenttype", "pk": 23}, {"fields": {"model": "menu", "app_label": "bars_menus"}, "model": "contenttypes.contenttype", "pk": 24}, {"fields": {"model": "menusellitem", "app_label": "bars_menus"}, "model": "contenttypes.contenttype", "pk": 25}, {"fields": {"name": "Aviron J\u00f4ne"}, "model": "bars_core.bar", "pk": "avironjone"}, {"fields": {"name": "Foot Ro\u00fbje"}, "model": "bars_core.bar", "pk": "footrouje"}, {"fields": {"name": "Natation J\u00f4ne"}, "model": "bars_core.bar", "pk": "natationjone"}, {"fields": {"name": "Root"}, "model": "bars_core.bar", "pk": "root"}, {"fields": {"default_tax": 0.2, "transaction_cancel_threshold": 48.0, "next_scheduled_appro": null, "agios_threshold": 2.0, "last_modified": "2015-12-26T16:58:09.542Z", "agios_enabled": true, "money_warning_threshold": 15.0, "agios_factor": 0.05}, "model": "bars_core.barsettings", "pk": "avironjone"}, {"fields": {"default_tax": 0.2, "transaction_cancel_threshold": 48.0, "next_scheduled_appro": null, "agios_threshold": 2.0, "last_modified": "2015-12-26T16:58:27.394Z", "agios_enabled": true, "money_warning_threshold": 15.0, "agios_factor": 0.05}, "model": "bars_core.barsettings", "pk": "footrouje"}, {"fields": {"default_tax": 0.2, "transaction_cancel_threshold": 48.0, "next_scheduled_appro": null, "agios_threshold": 2.0, "last_modified": "2015-12-26T16:58:18.892Z", "agios_enabled": true, "money_warning_threshold": 15.0, "agios_factor": 0.05}, "model": "bars_core.barsettings", "pk": "natationjone"}, {"fields": {"default_tax": 0.2, "transaction_cancel_threshold": 48.0, "next_scheduled_appro": null, "agios_threshold": 2.0, "last_modified": "2015-12-26T16:57:53.273Z", "agios_enabled": true, "money_warning_threshold": 15.0, "agios_factor": 0.05}, "model": "bars_core.barsettings", "pk": "root"}, {"fields": {"username": "bar", "is_staff": false, "firstname": "Bar", "lastname": "", "pseudo": "", "is_active": false, "is_superuser": false, "last_modified": "2015-12-26T16:56:47.325Z", "last_login": null, "previous_login": "2015-12-26T16:56:47.325Z", "current_login": "2015-12-26T16:56:47.325Z", "password": "", "email": ""}, "model": "bars_core.user", "pk": 1}, {"fields": {"username": "admin", "is_staff": true, "firstname": "", "lastname": "", "pseudo": "", "is_active": true, "is_superuser": true, "last_modified": "2015-12-27T10:46:46.330Z", "last_login": null, "previous_login": "2015-12-26T16:57:20.454Z", "current_login": "2015-12-27T10:46:46.327Z", "password": "pbkdf2_sha256$20000$NCVAoMiWKH4B$G+60uP7UZNTkH4pJlWU6Al2BiVaOdW8Mg0WWgZszP9c=", "email": ""}, "model": "bars_core.user", "pk": 2}, {"fields": {"username": "tizot", "is_staff": false, "firstname": "Camille", "lastname": "Masset", "pseudo": "Tizot'", "is_active": true, "is_superuser": false, "last_modified": "2015-12-27T10:52:40.027Z", "last_login": null, "previous_login": "2015-12-27T10:46:35.219Z", "current_login": "2015-12-27T10:52:40.021Z", "password": "pbkdf2_sha256$20000$MVNjZgfC0TiX$5uezz1/ClOE1Too9/j8LgqQoqFDjR2yjPr6/iughz+c=", "email": "camille.masset@polytechnique.edu"}, "model": "bars_core.user", "pk": 3}, {"fields": {"username": "ntag", "is_staff": false, "firstname": "Basile", "lastname": "Bruneau", "pseudo": "NTag", "is_active": true, "is_superuser": false, "last_modified": "2015-12-27T10:47:20.575Z", "last_login": null, "previous_login": "2015-12-27T10:47:20.455Z", "current_login": "2015-12-27T10:47:20.455Z", "password": "pbkdf2_sha256$20000$DfDE0X3EpCWQ$jY8K7tALAmY6qRTSFpEeoyGk+i/Ka8m3SsfF0MEcLjs=", "email": "basile.bruneau@polytechnique.edu"}, "model": "bars_core.user", "pk": 4}, {"fields": {"username": "dum", "is_staff": false, "firstname": "Gr\u00e9goire", "lastname": "Dumas", "pseudo": "Dum'", "is_active": true, "is_superuser": false, "last_modified": "2015-12-27T10:48:02.712Z", "last_login": null, "previous_login": "2015-12-27T10:48:02.593Z", "current_login": "2015-12-27T10:48:02.593Z", "password": "pbkdf2_sha256$20000$OURwpqUGNwEg$LW2PIPbvSGEmkpW49ZFhFZyvoRKp2CNDMRIV4XSI73A=", "email": "gregoire.dumas@polytechnique.edu"}, "model": "bars_core.user", "pk": 5}, {"fields": {"username": "llg", "is_staff": false, "firstname": "Louis", "lastname": "Legrand", "pseudo": "LLG", "is_active": true, "is_superuser": false, "last_modified": "2015-12-27T10:48:26.501Z", "last_login": null, "previous_login": "2015-12-27T10:48:26.380Z", "current_login": "2015-12-27T10:48:26.380Z", "password": "pbkdf2_sha256$20000$uorWmGtCiMMq$fZxyo5HDdwMuSRkplNplkgPfUDurwIqPLIHcAZ45lDI=", "email": "louis.legrand@polytechnique.edu"}, "model": "bars_core.user", "pk": 6}, {"fields": {"username": "mitch", "is_staff": false, "firstname": "Antoine", "lastname": "Michon", "pseudo": "Mitch", "is_active": true, "is_superuser": false, "last_modified": "2015-12-27T10:48:57.579Z", "last_login": null, "previous_login": "2015-12-27T10:48:57.457Z", "current_login": "2015-12-27T10:48:57.457Z", "password": "pbkdf2_sha256$20000$Y6L9v4ArVe5W$va3Pa//qBPQXZNmzSqfBw0cLlR3XOpFt4r7Vc9MzAFU=", "email": "antoine.michon@polytechnique.edu"}, "model": "bars_core.user", "pk": 7}, {"fields": {"username": "nadri", "is_staff": false, "firstname": "Guillaume", "lastname": "Boisseau", "pseudo": "Nadrieril", "is_active": true, "is_superuser": false, "last_modified": "2015-12-27T11:12:14.905Z", "last_login": null, "previous_login": "2015-12-27T10:49:36.616Z", "current_login": "2015-12-27T11:12:14.902Z", "password": "pbkdf2_sha256$20000$KQn4LLAbLVsU$Iu9VBFOKYRM/Mws/on8PxwtJjLeU+xoAXeMla9s/rxs=", "email": "guillaume.boisseau@polytechnique.edu"}, "model": "bars_core.user", "pk": 8}, {"fields": {"username": "crc", "is_staff": false, "firstname": "Charles", "lastname": "Roques-Carmes", "pseudo": "Carlito", "is_active": true, "is_superuser": false, "last_modified": "2015-12-27T10:51:59.439Z", "last_login": null, "previous_login": "2015-12-27T10:51:59.321Z", "current_login": "2015-12-27T10:51:59.321Z", "password": "pbkdf2_sha256$20000$lf5TpGY0eVK8$cAduJfwUlVAhIlYy1NbqMvPkMx8BePg9xchF05niI2E=", "email": "charles.roques-carmes@polytechnique.edu"}, "model": "bars_core.user", "pk": 9}, {"fields": {"last_modified": "2015-12-27T10:46:03.492Z", "bar": "avironjone", "name": "customer", "user": 3}, "model": "bars_core.role", "pk": 1}, {"fields": {"last_modified": "2015-12-27T10:46:03.722Z", "bar": "avironjone", "name": "customer", "user": 1}, "model": "bars_core.role", "pk": 2}, {"fields": {"last_modified": "2015-12-27T10:47:20.703Z", "bar": "avironjone", "name": "customer", "user": 4}, "model": "bars_core.role", "pk": 3}, {"fields": {"last_modified": "2015-12-27T10:48:02.909Z", "bar": "avironjone", "name": "customer", "user": 5}, "model": "bars_core.role", "pk": 4}, {"fields": {"last_modified": "2015-12-27T10:48:26.624Z", "bar": "avironjone", "name": "customer", "user": 6}, "model": "bars_core.role", "pk": 5}, {"fields": {"last_modified": "2015-12-27T10:48:57.713Z", "bar": "avironjone", "name": "customer", "user": 7}, "model": "bars_core.role", "pk": 6}, {"fields": {"last_modified": "2015-12-27T10:49:36.835Z", "bar": "natationjone", "name": "customer", "user": 8}, "model": "bars_core.role", "pk": 7}, {"fields": {"last_modified": "2015-12-27T10:49:37.018Z", "bar": "natationjone", "name": "customer", "user": 1}, "model": "bars_core.role", "pk": 8}, {"fields": {"last_modified": "2015-12-27T10:49:53.098Z", "bar": "natationjone", "name": "customer", "user": 4}, "model": "bars_core.role", "pk": 9}, {"fields": {"last_modified": "2015-12-27T10:50:05.445Z", "bar": "avironjone", "name": "admin", "user": 3}, "model": "bars_core.role", "pk": 10}, {"fields": {"last_modified": "2015-12-27T10:50:05.460Z", "bar": "root", "name": "staff", "user": 3}, "model": "bars_core.role", "pk": 11}, {"fields": {"last_modified": "2015-12-27T10:50:11.130Z", "bar": "avironjone", "name": "admin", "user": 4}, "model": "bars_core.role", "pk": 12}, {"fields": {"last_modified": "2015-12-27T10:50:11.130Z", "bar": "root", "name": "staff", "user": 4}, "model": "bars_core.role", "pk": 13}, {"fields": {"last_modified": "2015-12-27T10:50:16.418Z", "bar": "avironjone", "name": "admin", "user": 5}, "model": "bars_core.role", "pk": 14}, {"fields": {"last_modified": "2015-12-27T10:50:16.429Z", "bar": "root", "name": "staff", "user": 5}, "model": "bars_core.role", "pk": 15}, {"fields": {"last_modified": "2015-12-27T10:50:21.632Z", "bar": "root", "name": "staff", "user": 8}, "model": "bars_core.role", "pk": 16}, {"fields": {"last_modified": "2015-12-27T10:50:21.660Z", "bar": "natationjone", "name": "admin", "user": 8}, "model": "bars_core.role", "pk": 17}, {"fields": {"last_modified": "2015-12-27T10:51:59.580Z", "bar": "natationjone", "name": "customer", "user": 9}, "model": "bars_core.role", "pk": 18}, {"fields": {"bar": "avironjone", "deleted": false, "money": 100.0, "overdrawn_since": null, "last_modified": "2015-12-27T10:46:03.505Z", "owner": 3}, "model": "bars_core.account", "pk": 1}, {"fields": {"bar": "avironjone", "deleted": false, "money": 380.0, "overdrawn_since": null, "last_modified": "2015-12-27T10:46:03.730Z", "owner": 1}, "model": "bars_core.account", "pk": 2}, {"fields": {"bar": "avironjone", "deleted": false, "money": 50.0, "overdrawn_since": null, "last_modified": "2015-12-27T10:47:20.718Z", "owner": 4}, "model": "bars_core.account", "pk": 3}, {"fields": {"bar": "avironjone", "deleted": false, "money": 150.0, "overdrawn_since": null, "last_modified": "2015-12-27T10:48:02.921Z", "owner": 5}, "model": "bars_core.account", "pk": 4}, {"fields": {"bar": "avironjone", "deleted": false, "money": 40.0, "overdrawn_since": null, "last_modified": "2015-12-27T10:48:26.639Z", "owner": 6}, "model": "bars_core.account", "pk": 5}, {"fields": {"bar": "avironjone", "deleted": false, "money": 40.0, "overdrawn_since": null, "last_modified": "2015-12-27T10:48:57.729Z", "owner": 7}, "model": "bars_core.account", "pk": 6}, {"fields": {"bar": "natationjone", "deleted": false, "money": 50.0, "overdrawn_since": null, "last_modified": "2015-12-27T10:49:36.850Z", "owner": 8}, "model": "bars_core.account", "pk": 7}, {"fields": {"bar": "natationjone", "deleted": false, "money": 135.0, "overdrawn_since": null, "last_modified": "2015-12-27T10:49:37.035Z", "owner": 1}, "model": "bars_core.account", "pk": 8}, {"fields": {"bar": "natationjone", "deleted": false, "money": 25.0, "overdrawn_since": null, "last_modified": "2015-12-27T10:49:53.110Z", "owner": 4}, "model": "bars_core.account", "pk": 9}, {"fields": {"bar": "natationjone", "deleted": false, "money": 60.0, "overdrawn_since": null, "last_modified": "2015-12-27T10:51:59.598Z", "owner": 9}, "model": "bars_core.account", "pk": 10}, {"fields": {"bar": "avironjone", "deleted": false, "price": 2.8, "unit_factor": 1.0, "last_inventory": "2015-12-27T10:55:34.227Z", "details": 1, "sellitem": 1, "qty": 0.0}, "model": "bars_items.stockitem", "pk": 1}, {"fields": {"bar": "avironjone", "deleted": false, "price": 3.0, "unit_factor": 1.0, "last_inventory": "2015-12-27T10:56:10.663Z", "details": 2, "sellitem": 1, "qty": 0.0}, "model": "bars_items.stockitem", "pk": 2}, {"fields": {"bar": "avironjone", "deleted": false, "price": 2.75, "unit_factor": 1.0, "last_inventory": "2015-12-27T10:56:44.784Z", "details": 3, "sellitem": 1, "qty": 0.0}, "model": "bars_items.stockitem", "pk": 3}, {"fields": {"bar": "avironjone", "deleted": false, "price": 0.65, "unit_factor": 1.0, "last_inventory": "2015-12-27T10:59:27.046Z", "details": 4, "sellitem": 2, "qty": 0.0}, "model": "bars_items.stockitem", "pk": 4}, {"fields": {"bar": "avironjone", "deleted": false, "price": 0.6, "unit_factor": 1.0, "last_inventory": "2015-12-27T11:00:33.759Z", "details": 5, "sellitem": 3, "qty": 0.0}, "model": "bars_items.stockitem", "pk": 5}, {"fields": {"bar": "avironjone", "deleted": false, "price": 0.85, "unit_factor": 1.0, "last_inventory": "2015-12-27T11:02:00.632Z", "details": 6, "sellitem": 4, "qty": 0.0}, "model": "bars_items.stockitem", "pk": 6}, {"fields": {"bar": "avironjone", "deleted": false, "price": 2.11, "unit_factor": 5.0, "last_inventory": "2015-12-27T11:04:16.473Z", "details": 7, "sellitem": 5, "qty": 0.0}, "model": "bars_items.stockitem", "pk": 7}, {"fields": {"bar": "avironjone", "deleted": false, "price": 1.75, "unit_factor": 16.0, "last_inventory": "2015-12-27T11:06:09.531Z", "details": 8, "sellitem": 6, "qty": 0.0}, "model": "bars_items.stockitem", "pk": 8}, {"fields": {"bar": "avironjone", "deleted": false, "price": 0.99, "unit_factor": 500.0, "last_inventory": "2015-12-27T11:07:31.473Z", "details": 9, "sellitem": 7, "qty": 0.0}, "model": "bars_items.stockitem", "pk": 9}, {"fields": {"bar": "avironjone", "deleted": false, "price": 1.1, "unit_factor": 500.0, "last_inventory": "2015-12-27T11:08:15.242Z", "details": 10, "sellitem": 7, "qty": 0.0}, "model": "bars_items.stockitem", "pk": 10}, {"fields": {"bar": "avironjone", "deleted": false, "price": 1.15, "unit_factor": 500.0, "last_inventory": "2015-12-27T11:08:42.663Z", "details": 11, "sellitem": 7, "qty": 0.0}, "model": "bars_items.stockitem", "pk": 11}, {"fields": {"bar": "avironjone", "deleted": false, "price": 3.4, "unit_factor": 630.0, "last_inventory": "2015-12-27T11:09:51.799Z", "details": 12, "sellitem": 8, "qty": 0.0}, "model": "bars_items.stockitem", "pk": 12}, {"fields": {"bar": "avironjone", "deleted": false, "price": 4.5, "unit_factor": 825.0, "last_inventory": "2015-12-27T11:10:24.575Z", "details": 13, "sellitem": 8, "qty": 0.0}, "model": "bars_items.stockitem", "pk": 13}, {"fields": {"bar": "avironjone", "deleted": false, "price": 1.5, "unit_factor": 4.0, "last_inventory": "2015-12-27T11:11:32.771Z", "details": 14, "sellitem": 9, "qty": 0.0}, "model": "bars_items.stockitem", "pk": 14}, {"fields": {"bar": "natationjone", "deleted": false, "price": 1.45, "unit_factor": 120.0, "last_inventory": "2015-12-27T11:12:59.415Z", "details": 15, "sellitem": 10, "qty": 0.0}, "model": "bars_items.stockitem", "pk": 15}, {"fields": {"bar": "natationjone", "deleted": false, "price": 1.5, "unit_factor": 1000.0, "last_inventory": "2015-12-27T19:55:16.056Z", "details": 16, "sellitem": 11, "qty": 0.0}, "model": "bars_items.stockitem", "pk": 16}, {"fields": {"bar": "natationjone", "deleted": false, "price": 1.3, "unit_factor": 1000.0, "last_inventory": "2015-12-27T19:55:42.136Z", "details": 17, "sellitem": 11, "qty": 0.0}, "model": "bars_items.stockitem", "pk": 17}, {"fields": {"bar": "natationjone", "deleted": false, "price": 0.75, "unit_factor": 1.0, "last_inventory": "2015-12-27T19:56:32.620Z", "details": 4, "sellitem": 12, "qty": 0.0}, "model": "bars_items.stockitem", "pk": 18}, {"fields": {"unit_name": "", "bar": "avironjone", "name": "Pizza Ristorante", "deleted": false, "tax": 0.2, "name_plural": "Pizzas Ristorante", "keywords": "", "unit_name_plural": ""}, "model": "bars_items.sellitem", "pk": 1}, {"fields": {"unit_name": "bouteille", "bar": "avironjone", "name": "Leffe", "deleted": false, "tax": 0.2, "name_plural": "Leffe", "keywords": "", "unit_name_plural": "bouteilles"}, "model": "bars_items.sellitem", "pk": 2}, {"fields": {"unit_name": "bouteille", "bar": "avironjone", "name": "1664", "deleted": false, "tax": 0.2, "name_plural": "1664", "keywords": "", "unit_name_plural": "bouteilles"}, "model": "bars_items.sellitem", "pk": 3}, {"fields": {"unit_name": "canette", "bar": "avironjone", "name": "Coca-Cola", "deleted": false, "tax": 0.2, "name_plural": "Coca-Cola", "keywords": "", "unit_name_plural": "canettes"}, "model": "bars_items.sellitem", "pk": 4}, {"fields": {"unit_name": "verre de 20 cl", "bar": "avironjone", "name": "Jus multifruits", "deleted": false, "tax": 0.2, "name_plural": "Jus multifruits", "keywords": "", "unit_name_plural": "verres de 20 cl"}, "model": "bars_items.sellitem", "pk": 5}, {"fields": {"unit_name": "biscuit", "bar": "avironjone", "name": "Petit \u00e9colier", "deleted": false, "tax": 0.2, "name_plural": "Petits \u00e9coliers", "keywords": "", "unit_name_plural": "biscuits"}, "model": "bars_items.sellitem", "pk": 6}, {"fields": {"unit_name": "g", "bar": "avironjone", "name": "P\u00e2tes", "deleted": false, "tax": 0.2, "name_plural": "P\u00e2tes", "keywords": "", "unit_name_plural": "g"}, "model": "bars_items.sellitem", "pk": 7}, {"fields": {"unit_name": "g", "bar": "avironjone", "name": "Nutella", "deleted": false, "tax": 0.2, "name_plural": "Nutella", "keywords": "", "unit_name_plural": "g"}, "model": "bars_items.sellitem", "pk": 8}, {"fields": {"unit_name": "tranche", "bar": "avironjone", "name": "Jambon", "deleted": false, "tax": 0.2, "name_plural": "Jambon", "keywords": "", "unit_name_plural": "tranches"}, "model": "bars_items.sellitem", "pk": 9}, {"fields": {"unit_name": "g", "bar": "natationjone", "name": "Cacahu\u00e8tes", "deleted": false, "tax": 0.2, "name_plural": "Cacahu\u00e8tes", "keywords": "", "unit_name_plural": "g"}, "model": "bars_items.sellitem", "pk": 10}, {"fields": {"unit_name": "g", "bar": "natationjone", "name": "P\u00e2tes", "deleted": false, "tax": 0.2, "name_plural": "P\u00e2tes", "keywords": "", "unit_name_plural": "g"}, "model": "bars_items.sellitem", "pk": 11}, {"fields": {"unit_name": "bouteille", "bar": "natationjone", "name": "Leffe", "deleted": false, "tax": 0.2, "name_plural": "Leffe", "keywords": "", "unit_name_plural": "bouteilles"}, "model": "bars_items.sellitem", "pk": 12}, {"fields": {"ranking_unit_factor": 1.0, "container_plural": "", "container": "", "name": "Pizza Ristorante Quattro Formaggi", "container_qty": 340.0, "brand": "Dr Oetker", "keywords": "", "name_plural": "Pizzas Ristorante Quattro Formaggi", "unit_plural": "", "ranking_unit": "", "unit": ""}, "model": "bars_items.itemdetails", "pk": 1}, {"fields": {"ranking_unit_factor": 1.0, "container_plural": "", "container": "", "name": "Pizza Ristorante Speciale", "container_qty": 330.0, "brand": "Dr. Oetker", "keywords": "", "name_plural": "Pizzas Ristorante Speciale", "unit_plural": "", "ranking_unit": "", "unit": ""}, "model": "bars_items.itemdetails", "pk": 2}, {"fields": {"ranking_unit_factor": 1.0, "container_plural": "", "container": "", "name": "Pizza Ristorante Royale Extra Formaggi", "container_qty": 350.0, "brand": "Dr. Oetker", "keywords": "", "name_plural": "Pizzas Ristorante Royale Extra Formaggi", "unit_plural": "", "ranking_unit": "", "unit": ""}, "model": "bars_items.itemdetails", "pk": 3}, {"fields": {"ranking_unit_factor": 1.0, "container_plural": "bouteilles", "container": "bouteille", "name": "Leffe blonde", "container_qty": 25.0, "brand": "", "keywords": "", "name_plural": "Leffe blonde", "unit_plural": "cl", "ranking_unit": "", "unit": "cl"}, "model": "bars_items.itemdetails", "pk": 4}, {"fields": {"ranking_unit_factor": 1.0, "container_plural": "bouteilles", "container": "bouteille", "name": "1664", "container_qty": 25.0, "brand": "", "keywords": "", "name_plural": "1664", "unit_plural": "cl", "ranking_unit": "", "unit": "cl"}, "model": "bars_items.itemdetails", "pk": 5}, {"fields": {"ranking_unit_factor": 1.0, "container_plural": "canettes", "container": "canette", "name": "Coca-Cola Zero", "container_qty": 33.0, "brand": "", "keywords": "", "name_plural": "Coca-Cola Zero", "unit_plural": "cl", "ranking_unit": "", "unit": "cl"}, "model": "bars_items.itemdetails", "pk": 6}, {"fields": {"ranking_unit_factor": 1.0, "container_plural": "bouteilles", "container": "bouteille", "name": "Jus multifruits", "container_qty": 1.0, "brand": "Carrefour", "keywords": "", "name_plural": "Jus multifruits", "unit_plural": "l", "ranking_unit": "", "unit": "l"}, "model": "bars_items.itemdetails", "pk": 7}, {"fields": {"ranking_unit_factor": 1.0, "container_plural": "paquets", "container": "paquet", "name": "Petit \u00e9colier chocolat fin", "container_qty": 16.0, "brand": "LU", "keywords": "", "name_plural": "Petits \u00e9coliers chocolat fin", "unit_plural": "biscuits", "ranking_unit": "", "unit": "biscuit"}, "model": "bars_items.itemdetails", "pk": 8}, {"fields": {"ranking_unit_factor": 1.0, "container_plural": "paquets", "container": "paquet", "name": "Spaghetti", "container_qty": 500.0, "brand": "Carrefour", "keywords": "", "name_plural": "Spaghetti", "unit_plural": "g", "ranking_unit": "", "unit": "g"}, "model": "bars_items.itemdetails", "pk": 9}, {"fields": {"ranking_unit_factor": 1.0, "container_plural": "paquets", "container": "paquet", "name": "Pasta Amorini", "container_qty": 500.0, "brand": "Carrefour", "keywords": "", "name_plural": "Pasta Amorini", "unit_plural": "g", "ranking_unit": "", "unit": "g"}, "model": "bars_items.itemdetails", "pk": 10}, {"fields": {"ranking_unit_factor": 1.0, "container_plural": "paquets", "container": "paquet", "name": "Pasta Penne Rigate", "container_qty": 500.0, "brand": "Carrefour", "keywords": "", "name_plural": "Pasta Penne Rigate", "unit_plural": "g", "ranking_unit": "", "unit": "g"}, "model": "bars_items.itemdetails", "pk": 11}, {"fields": {"ranking_unit_factor": 1.0, "container_plural": "pots", "container": "pot", "name": "Nutella", "container_qty": 630.0, "brand": "Ferrero", "keywords": "", "name_plural": "Nutella", "unit_plural": "g", "ranking_unit": "", "unit": "g"}, "model": "bars_items.itemdetails", "pk": 12}, {"fields": {"ranking_unit_factor": 1.0, "container_plural": "pots", "container": "pot", "name": "Nutella", "container_qty": 825.0, "brand": "Ferrero", "keywords": "", "name_plural": "Nutella", "unit_plural": "g", "ranking_unit": "", "unit": "g"}, "model": "bars_items.itemdetails", "pk": 13}, {"fields": {"ranking_unit_factor": 1.0, "container_plural": "paquets", "container": "paquet", "name": "Jambon de Paris Cuit \u00e0 l'\u00e9touff\u00e9e", "container_qty": 4.0, "brand": "Carrefour", "keywords": "", "name_plural": "Jambon de Paris Cuit \u00e0 l'\u00e9touff\u00e9e", "unit_plural": "tranches", "ranking_unit": "", "unit": "tranche"}, "model": "bars_items.itemdetails", "pk": 14}, {"fields": {"ranking_unit_factor": 1.0, "container_plural": "sachets", "container": "sachet", "name": "Cacahu\u00e8tes grill\u00e9es \u00e0 sec", "container_qty": 120.0, "brand": "B\u00e9nenuts", "keywords": "", "name_plural": "Cacahu\u00e8tes grill\u00e9es \u00e0 sec", "unit_plural": "g", "ranking_unit": "", "unit": "g"}, "model": "bars_items.itemdetails", "pk": 15}, {"fields": {"ranking_unit_factor": 1.0, "container_plural": "paquets", "container": "paquet", "name": "Pasta Fusilli", "container_qty": 1000.0, "brand": "Carrefour", "keywords": "", "name_plural": "Pasta Fusilli", "unit_plural": "g", "ranking_unit": "", "unit": "g"}, "model": "bars_items.itemdetails", "pk": 16}, {"fields": {"ranking_unit_factor": 1.0, "container_plural": "paquets", "container": "paquet", "name": "Pasta Spaghetti", "container_qty": 1000.0, "brand": "Carrefour", "keywords": "", "name_plural": "Pasta Spaghetti", "unit_plural": "g", "ranking_unit": "", "unit": "g"}, "model": "bars_items.itemdetails", "pk": 17}, {"fields": {"buyitem": 1, "bar": "avironjone", "price": 2.8}, "model": "bars_items.buyitemprice", "pk": 1}, {"fields": {"buyitem": 2, "bar": "avironjone", "price": 3.0}, "model": "bars_items.buyitemprice", "pk": 2}, {"fields": {"buyitem": 3, "bar": "avironjone", "price": 2.75}, "model": "bars_items.buyitemprice", "pk": 3}, {"fields": {"buyitem": 4, "bar": "avironjone", "price": 0.65}, "model": "bars_items.buyitemprice", "pk": 4}, {"fields": {"buyitem": 5, "bar": "avironjone", "price": 13.0}, "model": "bars_items.buyitemprice", "pk": 5}, {"fields": {"buyitem": 6, "bar": "avironjone", "price": 0.6}, "model": "bars_items.buyitemprice", "pk": 6}, {"fields": {"buyitem": 7, "bar": "avironjone", "price": 12.0}, "model": "bars_items.buyitemprice", "pk": 7}, {"fields": {"buyitem": 8, "bar": "avironjone", "price": 0.85}, "model": "bars_items.buyitemprice", "pk": 8}, {"fields": {"buyitem": 9, "bar": "avironjone", "price": 8.5}, "model": "bars_items.buyitemprice", "pk": 9}, {"fields": {"buyitem": 10, "bar": "avironjone", "price": 2.11}, "model": "bars_items.buyitemprice", "pk": 10}, {"fields": {"buyitem": 11, "bar": "avironjone", "price": 1.75}, "model": "bars_items.buyitemprice", "pk": 11}, {"fields": {"buyitem": 12, "bar": "avironjone", "price": 0.99}, "model": "bars_items.buyitemprice", "pk": 12}, {"fields": {"buyitem": 13, "bar": "avironjone", "price": 1.1}, "model": "bars_items.buyitemprice", "pk": 13}, {"fields": {"buyitem": 14, "bar": "avironjone", "price": 1.15}, "model": "bars_items.buyitemprice", "pk": 14}, {"fields": {"buyitem": 15, "bar": "avironjone", "price": 3.4}, "model": "bars_items.buyitemprice", "pk": 15}, {"fields": {"buyitem": 16, "bar": "avironjone", "price": 4.5}, "model": "bars_items.buyitemprice", "pk": 16}, {"fields": {"buyitem": 17, "bar": "avironjone", "price": 1.5}, "model": "bars_items.buyitemprice", "pk": 17}, {"fields": {"buyitem": 18, "bar": "natationjone", "price": 1.45}, "model": "bars_items.buyitemprice", "pk": 18}, {"fields": {"buyitem": 19, "bar": "natationjone", "price": 1.5}, "model": "bars_items.buyitemprice", "pk": 19}, {"fields": {"buyitem": 20, "bar": "natationjone", "price": 1.3}, "model": "bars_items.buyitemprice", "pk": 20}, {"fields": {"buyitem": 4, "bar": "natationjone", "price": 0.75}, "model": "bars_items.buyitemprice", "pk": 21}, {"fields": {"buyitem": 5, "bar": "natationjone", "price": 15.0}, "model": "bars_items.buyitemprice", "pk": 22}, {"fields": {"barcode": "4001724818908", "itemqty": 1.0, "details": 1}, "model": "bars_items.buyitem", "pk": 1}, {"fields": {"barcode": "4001724819509", "itemqty": 1.0, "details": 2}, "model": "bars_items.buyitem", "pk": 2}, {"fields": {"barcode": "4001724006923", "itemqty": 1.0, "details": 3}, "model": "bars_items.buyitem", "pk": 3}, {"fields": {"barcode": "", "itemqty": 1.0, "details": 4}, "model": "bars_items.buyitem", "pk": 4}, {"fields": {"barcode": "5410228215578", "itemqty": 20.0, "details": 4}, "model": "bars_items.buyitem", "pk": 5}, {"fields": {"barcode": "", "itemqty": 1.0, "details": 5}, "model": "bars_items.buyitem", "pk": 6}, {"fields": {"barcode": "3080216009094", "itemqty": 20.0, "details": 5}, "model": "bars_items.buyitem", "pk": 7}, {"fields": {"barcode": "5449000131805", "itemqty": 1.0, "details": 6}, "model": "bars_items.buyitem", "pk": 8}, {"fields": {"barcode": "5449000137357", "itemqty": 10.0, "details": 6}, "model": "bars_items.buyitem", "pk": 9}, {"fields": {"barcode": "3560070275328", "itemqty": 1.0, "details": 7}, "model": "bars_items.buyitem", "pk": 10}, {"fields": {"barcode": "5410041010800", "itemqty": 1.0, "details": 8}, "model": "bars_items.buyitem", "pk": 11}, {"fields": {"barcode": "3560070328970", "itemqty": 1.0, "details": 9}, "model": "bars_items.buyitem", "pk": 12}, {"fields": {"barcode": "3560070554058", "itemqty": 1.0, "details": 10}, "model": "bars_items.buyitem", "pk": 13}, {"fields": {"barcode": "3560070555390", "itemqty": 1.0, "details": 11}, "model": "bars_items.buyitem", "pk": 14}, {"fields": {"barcode": "59032823", "itemqty": 1.0, "details": 12}, "model": "bars_items.buyitem", "pk": 15}, {"fields": {"barcode": "3017620429484", "itemqty": 1.0, "details": 13}, "model": "bars_items.buyitem", "pk": 16}, {"fields": {"barcode": "3270190200802", "itemqty": 1.0, "details": 14}, "model": "bars_items.buyitem", "pk": 17}, {"fields": {"barcode": "3168930003939", "itemqty": 1.0, "details": 15}, "model": "bars_items.buyitem", "pk": 18}, {"fields": {"barcode": "3560070329038", "itemqty": 1.0, "details": 16}, "model": "bars_items.buyitem", "pk": 19}, {"fields": {"barcode": "3560070328888", "itemqty": 1.0, "details": 17}, "model": "bars_items.buyitem", "pk": 20}, {"fields": {"bar": "avironjone", "author": 2, "timestamp": "2015-12-27T10:46:03.660Z", "moneyflow": 100.0, "canceled": false, "last_modified": "2015-12-27T10:46:03.758Z", "type": "deposit"}, "model": "bars_transactions.transaction", "pk": 1}, {"fields": {"bar": "avironjone", "author": 2, "timestamp": "2015-12-27T10:47:20.818Z", "moneyflow": 50.0, "canceled": false, "last_modified": "2015-12-27T10:47:20.889Z", "type": "deposit"}, "model": "bars_transactions.transaction", "pk": 2}, {"fields": {"bar": "avironjone", "author": 2, "timestamp": "2015-12-27T10:48:03.014Z", "moneyflow": 150.0, "canceled": false, "last_modified": "2015-12-27T10:48:03.075Z", "type": "deposit"}, "model": "bars_transactions.transaction", "pk": 3}, {"fields": {"bar": "avironjone", "author": 2, "timestamp": "2015-12-27T10:48:26.728Z", "moneyflow": 40.0, "canceled": false, "last_modified": "2015-12-27T10:48:26.780Z", "type": "deposit"}, "model": "bars_transactions.transaction", "pk": 4}, {"fields": {"bar": "avironjone", "author": 2, "timestamp": "2015-12-27T10:48:57.814Z", "moneyflow": 40.0, "canceled": false, "last_modified": "2015-12-27T10:48:57.900Z", "type": "deposit"}, "model": "bars_transactions.transaction", "pk": 5}, {"fields": {"bar": "natationjone", "author": 2, "timestamp": "2015-12-27T10:49:36.974Z", "moneyflow": 50.0, "canceled": false, "last_modified": "2015-12-27T10:49:37.089Z", "type": "deposit"}, "model": "bars_transactions.transaction", "pk": 6}, {"fields": {"bar": "natationjone", "author": 2, "timestamp": "2015-12-27T10:49:53.192Z", "moneyflow": 25.0, "canceled": false, "last_modified": "2015-12-27T10:49:53.244Z", "type": "deposit"}, "model": "bars_transactions.transaction", "pk": 7}, {"fields": {"bar": "natationjone", "author": 2, "timestamp": "2015-12-27T10:51:59.688Z", "moneyflow": 60.0, "canceled": false, "last_modified": "2015-12-27T10:51:59.750Z", "type": "deposit"}, "model": "bars_transactions.transaction", "pk": 8}, {"fields": {"transaction": 1, "target": 1, "prev_value": 0.0, "delta": 100.0, "next_value": 100.0, "fixed": false}, "model": "bars_transactions.accountoperation", "pk": 1}, {"fields": {"transaction": 1, "target": 2, "prev_value": 0.0, "delta": 100.0, "next_value": 100.0, "fixed": false}, "model": "bars_transactions.accountoperation", "pk": 2}, {"fields": {"transaction": 2, "target": 3, "prev_value": 0.0, "delta": 50.0, "next_value": 50.0, "fixed": false}, "model": "bars_transactions.accountoperation", "pk": 3}, {"fields": {"transaction": 2, "target": 2, "prev_value": 100.0, "delta": 50.0, "next_value": 150.0, "fixed": false}, "model": "bars_transactions.accountoperation", "pk": 4}, {"fields": {"transaction": 3, "target": 4, "prev_value": 0.0, "delta": 150.0, "next_value": 150.0, "fixed": false}, "model": "bars_transactions.accountoperation", "pk": 5}, {"fields": {"transaction": 3, "target": 2, "prev_value": 150.0, "delta": 150.0, "next_value": 300.0, "fixed": false}, "model": "bars_transactions.accountoperation", "pk": 6}, {"fields": {"transaction": 4, "target": 5, "prev_value": 0.0, "delta": 40.0, "next_value": 40.0, "fixed": false}, "model": "bars_transactions.accountoperation", "pk": 7}, {"fields": {"transaction": 4, "target": 2, "prev_value": 300.0, "delta": 40.0, "next_value": 340.0, "fixed": false}, "model": "bars_transactions.accountoperation", "pk": 8}, {"fields": {"transaction": 5, "target": 6, "prev_value": 0.0, "delta": 40.0, "next_value": 40.0, "fixed": false}, "model": "bars_transactions.accountoperation", "pk": 9}, {"fields": {"transaction": 5, "target": 2, "prev_value": 340.0, "delta": 40.0, "next_value": 380.0, "fixed": false}, "model": "bars_transactions.accountoperation", "pk": 10}, {"fields": {"transaction": 6, "target": 7, "prev_value": 0.0, "delta": 50.0, "next_value": 50.0, "fixed": false}, "model": "bars_transactions.accountoperation", "pk": 11}, {"fields": {"transaction": 6, "target": 8, "prev_value": 0.0, "delta": 50.0, "next_value": 50.0, "fixed": false}, "model": "bars_transactions.accountoperation", "pk": 12}, {"fields": {"transaction": 7, "target": 9, "prev_value": 0.0, "delta": 25.0, "next_value": 25.0, "fixed": false}, "model": "bars_transactions.accountoperation", "pk": 13}, {"fields": {"transaction": 7, "target": 8, "prev_value": 50.0, "delta": 25.0, "next_value": 75.0, "fixed": false}, "model": "bars_transactions.accountoperation", "pk": 14}, {"fields": {"transaction": 8, "target": 10, "prev_value": 0.0, "delta": 60.0, "next_value": 60.0, "fixed": false}, "model": "bars_transactions.accountoperation", "pk": 15}, {"fields": {"transaction": 8, "target": 8, "prev_value": 75.0, "delta": 60.0, "next_value": 135.0, "fixed": false}, "model": "bars_transactions.accountoperation", "pk": 16}, {"fields": {"timestamp": "2015-12-26T16:57:17.911Z", "sent_username": "admin", "user": 2, "success": true, "ip": "127.0.0.1"}, "model": "bars_core.loginattempt", "pk": 1}, {"fields": {"timestamp": "2015-12-26T16:57:20.481Z", "sent_username": "admin", "user": 2, "success": true, "ip": "127.0.0.1"}, "model": "bars_core.loginattempt", "pk": 2}, {"fields": {"timestamp": "2015-12-27T10:46:35.240Z", "sent_username": "tizot", "user": 3, "success": true, "ip": "127.0.0.1"}, "model": "bars_core.loginattempt", "pk": 3}, {"fields": {"timestamp": "2015-12-27T10:46:46.338Z", "sent_username": "admin", "user": 2, "success": true, "ip": "127.0.0.1"}, "model": "bars_core.loginattempt", "pk": 4}, {"fields": {"timestamp": "2015-12-27T10:52:40.042Z", "sent_username": "tizot", "user": 3, "success": true, "ip": "127.0.0.1"}, "model": "bars_core.loginattempt", "pk": 5}, {"fields": {"timestamp": "2015-12-27T11:12:14.914Z", "sent_username": "nadri", "user": 8, "success": true, "ip": "127.0.0.1"}, "model": "bars_core.loginattempt", "pk": 6}, {"fields": {"codename": "add_logentry", "name": "Can add log entry", "content_type": 1}, "model": "auth.permission", "pk": 1}, {"fields": {"codename": "change_logentry", "name": "Can change log entry", "content_type": 1}, "model": "auth.permission", "pk": 2}, {"fields": {"codename": "delete_logentry", "name": "Can delete log entry", "content_type": 1}, "model": "auth.permission", "pk": 3}, {"fields": {"codename": "add_permission", "name": "Can add permission", "content_type": 2}, "model": "auth.permission", "pk": 4}, {"fields": {"codename": "change_permission", "name": "Can change permission", "content_type": 2}, "model": "auth.permission", "pk": 5}, {"fields": {"codename": "delete_permission", "name": "Can delete permission", "content_type": 2}, "model": "auth.permission", "pk": 6}, {"fields": {"codename": "add_group", "name": "Can add group", "content_type": 3}, "model": "auth.permission", "pk": 7}, {"fields": {"codename": "change_group", "name": "Can change group", "content_type": 3}, "model": "auth.permission", "pk": 8}, {"fields": {"codename": "delete_group", "name": "Can delete group", "content_type": 3}, "model": "auth.permission", "pk": 9}, {"fields": {"codename": "add_contenttype", "name": "Can add content type", "content_type": 4}, "model": "auth.permission", "pk": 10}, {"fields": {"codename": "change_contenttype", "name": "Can change content type", "content_type": 4}, "model": "auth.permission", "pk": 11}, {"fields": {"codename": "delete_contenttype", "name": "Can delete content type", "content_type": 4}, "model": "auth.permission", "pk": 12}, {"fields": {"codename": "add_session", "name": "Can add session", "content_type": 5}, "model": "auth.permission", "pk": 13}, {"fields": {"codename": "change_session", "name": "Can change session", "content_type": 5}, "model": "auth.permission", "pk": 14}, {"fields": {"codename": "delete_session", "name": "Can delete session", "content_type": 5}, "model": "auth.permission", "pk": 15}, {"fields": {"codename": "add_corsmodel", "name": "Can add cors model", "content_type": 6}, "model": "auth.permission", "pk": 16}, {"fields": {"codename": "change_corsmodel", "name": "Can change cors model", "content_type": 6}, "model": "auth.permission", "pk": 17}, {"fields": {"codename": "delete_corsmodel", "name": "Can delete cors model", "content_type": 6}, "model": "auth.permission", "pk": 18}, {"fields": {"codename": "add_bar", "name": "Can add bar", "content_type": 7}, "model": "auth.permission", "pk": 19}, {"fields": {"codename": "change_bar", "name": "Can change bar", "content_type": 7}, "model": "auth.permission", "pk": 20}, {"fields": {"codename": "delete_bar", "name": "Can delete bar", "content_type": 7}, "model": "auth.permission", "pk": 21}, {"fields": {"codename": "add_barsettings", "name": "Can add bar settings", "content_type": 8}, "model": "auth.permission", "pk": 22}, {"fields": {"codename": "change_barsettings", "name": "Can change bar settings", "content_type": 8}, "model": "auth.permission", "pk": 23}, {"fields": {"codename": "delete_barsettings", "name": "Can delete bar settings", "content_type": 8}, "model": "auth.permission", "pk": 24}, {"fields": {"codename": "add_loginattempt", "name": "Can add login attempt", "content_type": 9}, "model": "auth.permission", "pk": 25}, {"fields": {"codename": "change_loginattempt", "name": "Can change login attempt", "content_type": 9}, "model": "auth.permission", "pk": 26}, {"fields": {"codename": "delete_loginattempt", "name": "Can delete login attempt", "content_type": 9}, "model": "auth.permission", "pk": 27}, {"fields": {"codename": "add_user", "name": "Can add user", "content_type": 10}, "model": "auth.permission", "pk": 28}, {"fields": {"codename": "change_user", "name": "Can change user", "content_type": 10}, "model": "auth.permission", "pk": 29}, {"fields": {"codename": "delete_user", "name": "Can delete user", "content_type": 10}, "model": "auth.permission", "pk": 30}, {"fields": {"codename": "add_role", "name": "Can add role", "content_type": 11}, "model": "auth.permission", "pk": 31}, {"fields": {"codename": "change_role", "name": "Can change role", "content_type": 11}, "model": "auth.permission", "pk": 32}, {"fields": {"codename": "delete_role", "name": "Can delete role", "content_type": 11}, "model": "auth.permission", "pk": 33}, {"fields": {"codename": "add_account", "name": "Can add account", "content_type": 12}, "model": "auth.permission", "pk": 34}, {"fields": {"codename": "change_account", "name": "Can change account", "content_type": 12}, "model": "auth.permission", "pk": 35}, {"fields": {"codename": "delete_account", "name": "Can delete account", "content_type": 12}, "model": "auth.permission", "pk": 36}, {"fields": {"codename": "add_stockitem", "name": "Can add stock item", "content_type": 13}, "model": "auth.permission", "pk": 37}, {"fields": {"codename": "change_stockitem", "name": "Can change stock item", "content_type": 13}, "model": "auth.permission", "pk": 38}, {"fields": {"codename": "delete_stockitem", "name": "Can delete stock item", "content_type": 13}, "model": "auth.permission", "pk": 39}, {"fields": {"codename": "add_sellitem", "name": "Can add sell item", "content_type": 14}, "model": "auth.permission", "pk": 40}, {"fields": {"codename": "change_sellitem", "name": "Can change sell item", "content_type": 14}, "model": "auth.permission", "pk": 41}, {"fields": {"codename": "delete_sellitem", "name": "Can delete sell item", "content_type": 14}, "model": "auth.permission", "pk": 42}, {"fields": {"codename": "add_itemdetails", "name": "Can add item details", "content_type": 15}, "model": "auth.permission", "pk": 43}, {"fields": {"codename": "change_itemdetails", "name": "Can change item details", "content_type": 15}, "model": "auth.permission", "pk": 44}, {"fields": {"codename": "delete_itemdetails", "name": "Can delete item details", "content_type": 15}, "model": "auth.permission", "pk": 45}, {"fields": {"codename": "add_buyitemprice", "name": "Can add buy item price", "content_type": 16}, "model": "auth.permission", "pk": 46}, {"fields": {"codename": "change_buyitemprice", "name": "Can change buy item price", "content_type": 16}, "model": "auth.permission", "pk": 47}, {"fields": {"codename": "delete_buyitemprice", "name": "Can delete buy item price", "content_type": 16}, "model": "auth.permission", "pk": 48}, {"fields": {"codename": "add_buyitem", "name": "Can add buy item", "content_type": 17}, "model": "auth.permission", "pk": 49}, {"fields": {"codename": "change_buyitem", "name": "Can change buy item", "content_type": 17}, "model": "auth.permission", "pk": 50}, {"fields": {"codename": "delete_buyitem", "name": "Can delete buy item", "content_type": 17}, "model": "auth.permission", "pk": 51}, {"fields": {"codename": "add_transaction", "name": "Can add transaction", "content_type": 18}, "model": "auth.permission", "pk": 52}, {"fields": {"codename": "change_transaction", "name": "Can change transaction", "content_type": 18}, "model": "auth.permission", "pk": 53}, {"fields": {"codename": "delete_transaction", "name": "Can delete transaction", "content_type": 18}, "model": "auth.permission", "pk": 54}, {"fields": {"codename": "add_transactiondata", "name": "Can add transaction data", "content_type": 19}, "model": "auth.permission", "pk": 55}, {"fields": {"codename": "change_transactiondata", "name": "Can change transaction data", "content_type": 19}, "model": "auth.permission", "pk": 56}, {"fields": {"codename": "delete_transactiondata", "name": "Can delete transaction data", "content_type": 19}, "model": "auth.permission", "pk": 57}, {"fields": {"codename": "add_itemoperation", "name": "Can add item operation", "content_type": 20}, "model": "auth.permission", "pk": 58}, {"fields": {"codename": "change_itemoperation", "name": "Can change item operation", "content_type": 20}, "model": "auth.permission", "pk": 59}, {"fields": {"codename": "delete_itemoperation", "name": "Can delete item operation", "content_type": 20}, "model": "auth.permission", "pk": 60}, {"fields": {"codename": "add_accountoperation", "name": "Can add account operation", "content_type": 21}, "model": "auth.permission", "pk": 61}, {"fields": {"codename": "change_accountoperation", "name": "Can change account operation", "content_type": 21}, "model": "auth.permission", "pk": 62}, {"fields": {"codename": "delete_accountoperation", "name": "Can delete account operation", "content_type": 21}, "model": "auth.permission", "pk": 63}, {"fields": {"codename": "add_news", "name": "Can add news", "content_type": 22}, "model": "auth.permission", "pk": 64}, {"fields": {"codename": "change_news", "name": "Can change news", "content_type": 22}, "model": "auth.permission", "pk": 65}, {"fields": {"codename": "delete_news", "name": "Can delete news", "content_type": 22}, "model": "auth.permission", "pk": 66}, {"fields": {"codename": "add_bugreport", "name": "Can add bug report", "content_type": 23}, "model": "auth.permission", "pk": 67}, {"fields": {"codename": "change_bugreport", "name": "Can change bug report", "content_type": 23}, "model": "auth.permission", "pk": 68}, {"fields": {"codename": "delete_bugreport", "name": "Can delete bug report", "content_type": 23}, "model": "auth.permission", "pk": 69}, {"fields": {"codename": "add_menu", "name": "Can add menu", "content_type": 24}, "model": "auth.permission", "pk": 70}, {"fields": {"codename": "change_menu", "name": "Can change menu", "content_type": 24}, "model": "auth.permission", "pk": 71}, {"fields": {"codename": "delete_menu", "name": "Can delete menu", "content_type": 24}, "model": "auth.permission", "pk": 72}, {"fields": {"codename": "add_menusellitem", "name": "Can add menu sell item", "content_type": 25}, "model": "auth.permission", "pk": 73}, {"fields": {"codename": "change_menusellitem", "name": "Can change menu sell item", "content_type": 25}, "model": "auth.permission", "pk": 74}, {"fields": {"codename": "delete_menusellitem", "name": "Can delete menu sell item", "content_type": 25}, "model": "auth.permission", "pk": 75}]