[{"fields":{"name":"Aviron Jône"},"model":"bars_core.bar","pk":"avironjone"},{"fields":{"name":"Foot Roûje"},"model":"bars_core.bar","pk":"footrouje"},{"fields":{"name":"Natation Jône"},"model":"bars_core.bar","pk":"natationjone"},{"fields":{"name":"Root"},"model":"bars_core.bar","pk":"root"},{"fields":{"default_tax":0.2,"transaction_cancel_threshold":48,"next_scheduled_appro":null,"agios_threshold":2,"last_modified":"2015-12-26T16:58:09.542Z","agios_enabled":true,"money_warning_threshold":15,"agios_factor":0.05},"model":"bars_core.barsettings","pk":"avironjone"},{"fields":{"default_tax":0.2,"transaction_cancel_threshold":48,"next_scheduled_appro":null,"agios_threshold":2,"last_modified":"2015-12-26T16:58:27.394Z","agios_enabled":true,"money_warning_threshold":15,"agios_factor":0.05},"model":"bars_core.barsettings","pk":"footrouje"},{"fields":{"default_tax":0.2,"transaction_cancel_threshold":48,"next_scheduled_appro":null,"agios_threshold":2,"last_modified":"2015-12-26T16:58:18.892Z","agios_enabled":true,"money_warning_threshold":15,"agios_factor":0.05},"model":"bars_core.barsettings","pk":"natationjone"},{"fields":{"default_tax":0.2,"transaction_cancel_threshold":48,"next_scheduled_appro":null,"agios_threshold":2,"last_modified":"2015-12-26T16:57:53.273Z","agios_enabled":true,"money_warning_threshold":15,"agios_factor":0.05},"model":"bars_core.barsettings","pk":"root"},{"fields":{"username":"bar","is_staff":false,"firstname":"Bar","lastname":"","pseudo":"","is_active":false,"is_superuser":false,"last_modified":"2015-12-26T16:56:47.325Z","last_login":null,"previous_login":"2015-12-26T16:56:47.325Z","current_login":"2015-12-26T16:56:47.325Z","password":"","email":""},"model":"bars_core.user","pk":1},{"fields":{"username":"admin","is_staff":true,"firstname":"","lastname":"","pseudo":"","is_active":true,"is_superuser":true,"last_modified":"2015-12-27T10:46:46.330Z","last_login":null,"previous_login":"2015-12-26T16:57:20.454Z","current_login":"2015-12-27T10:46:46.327Z","password":"pbkdf2_sha256$20000$NCVAoMiWKH4B$G+60uP7UZNTkH4pJlWU6Al2BiVaOdW8Mg0WWgZszP9c=","email":""},"model":"bars_core.user","pk":2},{"fields":{"username":"tizot","is_staff":false,"firstname":"Camille","lastname":"Masset","pseudo":"Tizot'","is_active":true,"is_superuser":false,"last_modified":"2015-12-27T10:46:35.227Z","last_login":null,"previous_login":"2015-12-27T10:46:03.241Z","current_login":"2015-12-27T10:46:35.219Z","password":"pbkdf2_sha256$20000$MVNjZgfC0TiX$5uezz1/ClOE1Too9/j8LgqQoqFDjR2yjPr6/iughz+c=","email":"camille.masset@polytechnique.edu"},"model":"bars_core.user","pk":3},{"fields":{"username":"ntag","is_staff":false,"firstname":"Basile","lastname":"Bruneau","pseudo":"NTag","is_active":true,"is_superuser":false,"last_modified":"2015-12-27T10:47:20.575Z","last_login":null,"previous_login":"2015-12-27T10:47:20.455Z","current_login":"2015-12-27T10:47:20.455Z","password":"pbkdf2_sha256$20000$DfDE0X3EpCWQ$jY8K7tALAmY6qRTSFpEeoyGk+i/Ka8m3SsfF0MEcLjs=","email":"basile.bruneau@polytechnique.edu"},"model":"bars_core.user","pk":4},{"fields":{"username":"dum","is_staff":false,"firstname":"Grégoire","lastname":"Dumas","pseudo":"Dum'","is_active":true,"is_superuser":false,"last_modified":"2015-12-27T10:48:02.712Z","last_login":null,"previous_login":"2015-12-27T10:48:02.593Z","current_login":"2015-12-27T10:48:02.593Z","password":"pbkdf2_sha256$20000$OURwpqUGNwEg$LW2PIPbvSGEmkpW49ZFhFZyvoRKp2CNDMRIV4XSI73A=","email":"gregoire.dumas@polytechnique.edu"},"model":"bars_core.user","pk":5},{"fields":{"username":"llg","is_staff":false,"firstname":"Louis","lastname":"Legrand","pseudo":"LLG","is_active":true,"is_superuser":false,"last_modified":"2015-12-27T10:48:26.501Z","last_login":null,"previous_login":"2015-12-27T10:48:26.380Z","current_login":"2015-12-27T10:48:26.380Z","password":"pbkdf2_sha256$20000$uorWmGtCiMMq$fZxyo5HDdwMuSRkplNplkgPfUDurwIqPLIHcAZ45lDI=","email":"louis.legrand@polytechnique.edu"},"model":"bars_core.user","pk":6},{"fields":{"username":"mitch","is_staff":false,"firstname":"Antoine","lastname":"Michon","pseudo":"Mitch","is_active":true,"is_superuser":false,"last_modified":"2015-12-27T10:48:57.579Z","last_login":null,"previous_login":"2015-12-27T10:48:57.457Z","current_login":"2015-12-27T10:48:57.457Z","password":"pbkdf2_sha256$20000$Y6L9v4ArVe5W$va3Pa//qBPQXZNmzSqfBw0cLlR3XOpFt4r7Vc9MzAFU=","email":"antoine.michon@polytechnique.edu"},"model":"bars_core.user","pk":7},{"fields":{"username":"nadri","is_staff":false,"firstname":"Guillaume","lastname":"Boisseau","pseudo":"Nadrieril","is_active":true,"is_superuser":false,"last_modified":"2015-12-27T10:49:36.727Z","last_login":null,"previous_login":"2015-12-27T10:49:36.616Z","current_login":"2015-12-27T10:49:36.616Z","password":"pbkdf2_sha256$20000$KQn4LLAbLVsU$Iu9VBFOKYRM/Mws/on8PxwtJjLeU+xoAXeMla9s/rxs=","email":"guillaume.boisseau@polytechnique.edu"},"model":"bars_core.user","pk":8},{"fields":{"username":"crc","is_staff":false,"firstname":"Charles","lastname":"Roques-Carmes","pseudo":"Carlito","is_active":true,"is_superuser":false,"last_modified":"2015-12-27T10:51:59.439Z","last_login":null,"previous_login":"2015-12-27T10:51:59.321Z","current_login":"2015-12-27T10:51:59.321Z","password":"pbkdf2_sha256$20000$lf5TpGY0eVK8$cAduJfwUlVAhIlYy1NbqMvPkMx8BePg9xchF05niI2E=","email":"charles.roques-carmes@polytechnique.edu"},"model":"bars_core.user","pk":9},{"fields":{"last_modified":"2015-12-27T10:46:03.492Z","bar":"avironjone","name":"customer","user":3},"model":"bars_core.role","pk":1},{"fields":{"last_modified":"2015-12-27T10:46:03.722Z","bar":"avironjone","name":"customer","user":1},"model":"bars_core.role","pk":2},{"fields":{"last_modified":"2015-12-27T10:47:20.703Z","bar":"avironjone","name":"customer","user":4},"model":"bars_core.role","pk":3},{"fields":{"last_modified":"2015-12-27T10:48:02.909Z","bar":"avironjone","name":"customer","user":5},"model":"bars_core.role","pk":4},{"fields":{"last_modified":"2015-12-27T10:48:26.624Z","bar":"avironjone","name":"customer","user":6},"model":"bars_core.role","pk":5},{"fields":{"last_modified":"2015-12-27T10:48:57.713Z","bar":"avironjone","name":"customer","user":7},"model":"bars_core.role","pk":6},{"fields":{"last_modified":"2015-12-27T10:49:36.835Z","bar":"natationjone","name":"customer","user":8},"model":"bars_core.role","pk":7},{"fields":{"last_modified":"2015-12-27T10:49:37.018Z","bar":"natationjone","name":"customer","user":1},"model":"bars_core.role","pk":8},{"fields":{"last_modified":"2015-12-27T10:49:53.098Z","bar":"natationjone","name":"customer","user":4},"model":"bars_core.role","pk":9},{"fields":{"last_modified":"2015-12-27T10:50:05.445Z","bar":"avironjone","name":"admin","user":3},"model":"bars_core.role","pk":10},{"fields":{"last_modified":"2015-12-27T10:50:05.460Z","bar":"root","name":"staff","user":3},"model":"bars_core.role","pk":11},{"fields":{"last_modified":"2015-12-27T10:50:11.130Z","bar":"avironjone","name":"admin","user":4},"model":"bars_core.role","pk":12},{"fields":{"last_modified":"2015-12-27T10:50:11.130Z","bar":"root","name":"staff","user":4},"model":"bars_core.role","pk":13},{"fields":{"last_modified":"2015-12-27T10:50:16.418Z","bar":"avironjone","name":"admin","user":5},"model":"bars_core.role","pk":14},{"fields":{"last_modified":"2015-12-27T10:50:16.429Z","bar":"root","name":"staff","user":5},"model":"bars_core.role","pk":15},{"fields":{"last_modified":"2015-12-27T10:50:21.632Z","bar":"root","name":"staff","user":8},"model":"bars_core.role","pk":16},{"fields":{"last_modified":"2015-12-27T10:50:21.660Z","bar":"natationjone","name":"admin","user":8},"model":"bars_core.role","pk":17},{"fields":{"last_modified":"2015-12-27T10:51:59.580Z","bar":"natationjone","name":"customer","user":9},"model":"bars_core.role","pk":18},{"fields":{"bar":"avironjone","deleted":false,"money":100,"overdrawn_since":null,"last_modified":"2015-12-27T10:46:03.505Z","owner":3},"model":"bars_core.account","pk":1},{"fields":{"bar":"avironjone","deleted":false,"money":380,"overdrawn_since":null,"last_modified":"2015-12-27T10:46:03.730Z","owner":1},"model":"bars_core.account","pk":2},{"fields":{"bar":"avironjone","deleted":false,"money":50,"overdrawn_since":null,"last_modified":"2015-12-27T10:47:20.718Z","owner":4},"model":"bars_core.account","pk":3},{"fields":{"bar":"avironjone","deleted":false,"money":150,"overdrawn_since":null,"last_modified":"2015-12-27T10:48:02.921Z","owner":5},"model":"bars_core.account","pk":4},{"fields":{"bar":"avironjone","deleted":false,"money":40,"overdrawn_since":null,"last_modified":"2015-12-27T10:48:26.639Z","owner":6},"model":"bars_core.account","pk":5},{"fields":{"bar":"avironjone","deleted":false,"money":40,"overdrawn_since":null,"last_modified":"2015-12-27T10:48:57.729Z","owner":7},"model":"bars_core.account","pk":6},{"fields":{"bar":"natationjone","deleted":false,"money":50,"overdrawn_since":null,"last_modified":"2015-12-27T10:49:36.850Z","owner":8},"model":"bars_core.account","pk":7},{"fields":{"bar":"natationjone","deleted":false,"money":135,"overdrawn_since":null,"last_modified":"2015-12-27T10:49:37.035Z","owner":1},"model":"bars_core.account","pk":8},{"fields":{"bar":"natationjone","deleted":false,"money":25,"overdrawn_since":null,"last_modified":"2015-12-27T10:49:53.110Z","owner":4},"model":"bars_core.account","pk":9},{"fields":{"bar":"natationjone","deleted":false,"money":60,"overdrawn_since":null,"last_modified":"2015-12-27T10:51:59.598Z","owner":9},"model":"bars_core.account","pk":10},{"fields":{"bar":"avironjone","author":2,"timestamp":"2015-12-27T10:46:03.660Z","moneyflow":100,"canceled":false,"last_modified":"2015-12-27T10:46:03.758Z","type":"deposit"},"model":"bars_transactions.transaction","pk":1},{"fields":{"bar":"avironjone","author":2,"timestamp":"2015-12-27T10:47:20.818Z","moneyflow":50,"canceled":false,"last_modified":"2015-12-27T10:47:20.889Z","type":"deposit"},"model":"bars_transactions.transaction","pk":2},{"fields":{"bar":"avironjone","author":2,"timestamp":"2015-12-27T10:48:03.014Z","moneyflow":150,"canceled":false,"last_modified":"2015-12-27T10:48:03.075Z","type":"deposit"},"model":"bars_transactions.transaction","pk":3},{"fields":{"bar":"avironjone","author":2,"timestamp":"2015-12-27T10:48:26.728Z","moneyflow":40,"canceled":false,"last_modified":"2015-12-27T10:48:26.780Z","type":"deposit"},"model":"bars_transactions.transaction","pk":4},{"fields":{"bar":"avironjone","author":2,"timestamp":"2015-12-27T10:48:57.814Z","moneyflow":40,"canceled":false,"last_modified":"2015-12-27T10:48:57.900Z","type":"deposit"},"model":"bars_transactions.transaction","pk":5},{"fields":{"bar":"natationjone","author":2,"timestamp":"2015-12-27T10:49:36.974Z","moneyflow":50,"canceled":false,"last_modified":"2015-12-27T10:49:37.089Z","type":"deposit"},"model":"bars_transactions.transaction","pk":6},{"fields":{"bar":"natationjone","author":2,"timestamp":"2015-12-27T10:49:53.192Z","moneyflow":25,"canceled":false,"last_modified":"2015-12-27T10:49:53.244Z","type":"deposit"},"model":"bars_transactions.transaction","pk":7},{"fields":{"bar":"natationjone","author":2,"timestamp":"2015-12-27T10:51:59.688Z","moneyflow":60,"canceled":false,"last_modified":"2015-12-27T10:51:59.750Z","type":"deposit"},"model":"bars_transactions.transaction","pk":8},{"fields":{"transaction":1,"target":1,"prev_value":0,"delta":100,"next_value":100,"fixed":false},"model":"bars_transactions.accountoperation","pk":1},{"fields":{"transaction":1,"target":2,"prev_value":0,"delta":100,"next_value":100,"fixed":false},"model":"bars_transactions.accountoperation","pk":2},{"fields":{"transaction":2,"target":3,"prev_value":0,"delta":50,"next_value":50,"fixed":false},"model":"bars_transactions.accountoperation","pk":3},{"fields":{"transaction":2,"target":2,"prev_value":100,"delta":50,"next_value":150,"fixed":false},"model":"bars_transactions.accountoperation","pk":4},{"fields":{"transaction":3,"target":4,"prev_value":0,"delta":150,"next_value":150,"fixed":false},"model":"bars_transactions.accountoperation","pk":5},{"fields":{"transaction":3,"target":2,"prev_value":150,"delta":150,"next_value":300,"fixed":false},"model":"bars_transactions.accountoperation","pk":6},{"fields":{"transaction":4,"target":5,"prev_value":0,"delta":40,"next_value":40,"fixed":false},"model":"bars_transactions.accountoperation","pk":7},{"fields":{"transaction":4,"target":2,"prev_value":300,"delta":40,"next_value":340,"fixed":false},"model":"bars_transactions.accountoperation","pk":8},{"fields":{"transaction":5,"target":6,"prev_value":0,"delta":40,"next_value":40,"fixed":false},"model":"bars_transactions.accountoperation","pk":9},{"fields":{"transaction":5,"target":2,"prev_value":340,"delta":40,"next_value":380,"fixed":false},"model":"bars_transactions.accountoperation","pk":10},{"fields":{"transaction":6,"target":7,"prev_value":0,"delta":50,"next_value":50,"fixed":false},"model":"bars_transactions.accountoperation","pk":11},{"fields":{"transaction":6,"target":8,"prev_value":0,"delta":50,"next_value":50,"fixed":false},"model":"bars_transactions.accountoperation","pk":12},{"fields":{"transaction":7,"target":9,"prev_value":0,"delta":25,"next_value":25,"fixed":false},"model":"bars_transactions.accountoperation","pk":13},{"fields":{"transaction":7,"target":8,"prev_value":50,"delta":25,"next_value":75,"fixed":false},"model":"bars_transactions.accountoperation","pk":14},{"fields":{"transaction":8,"target":10,"prev_value":0,"delta":60,"next_value":60,"fixed":false},"model":"bars_transactions.accountoperation","pk":15},{"fields":{"transaction":8,"target":8,"prev_value":75,"delta":60,"next_value":135,"fixed":false},"model":"bars_transactions.accountoperation","pk":16},{"fields":{"timestamp":"2015-12-26T16:57:17.911Z","sent_username":"admin","user":2,"success":true,"ip":"127.0.0.1"},"model":"bars_core.loginattempt","pk":1},{"fields":{"timestamp":"2015-12-26T16:57:20.481Z","sent_username":"admin","user":2,"success":true,"ip":"127.0.0.1"},"model":"bars_core.loginattempt","pk":2},{"fields":{"timestamp":"2015-12-27T10:46:35.240Z","sent_username":"tizot","user":3,"success":true,"ip":"127.0.0.1"},"model":"bars_core.loginattempt","pk":3},{"fields":{"timestamp":"2015-12-27T10:46:46.338Z","sent_username":"admin","user":2,"success":true,"ip":"127.0.0.1"},"model":"bars_core.loginattempt","pk":4}]
